0	傳說的開始	伝説のはじまり	100,150,200,300			1o,d,0,d,d,0,0,0,0	0.75,1,1,1			-1			3,-1,6,0,0,0,0,0
1	熱情的國家	情熱の国	100,150,200,300			1o,f,5,a,a,0,0,0,0	0.75,1,1,1			-1			3,-1,6,0,0,0,0,0
2	葡萄糖胺沙漠	グルコサミン砂漠	100,150,200,300			1o,r,0,9,4,0,0,0,0	0.75,1,1,1			-1			3,-1,6,0,0,0,0,0
3	貓咪們渡海	猫ども海を渡る	100,150,200,300			1o,r,0,a,3,0,0,0,0	0.75,1,1,1			-1			3,-1,6,0,0,0,0,0
4	凝視著貓眼石	見つめてキャッツアイ	100,150,200,300			1o,g,g,8,0,0,0,0,0	0.75,1,1,1			-1			3,-1,6,0,0,0,0,0
5	西方街道	ウエスタン街道	100,150,200,300			1o,p,7,4,4,0,0,0,0	0.75,1,1,1			-1			3,-1,6,0,0,0,0,0
6	鮪魚海域	マグロ海域	100,150,200,300			1o,k,3,a,7,0,0,0,0	0.75,1,1,1			-1			3,-1,6,0,0,0,0,0
7	竹子島	バンブー島	100,150,200,300			1o,k,0,f,5,0,0,0,0	0.75,1,1,1			-1			3,-1,6,0,0,0,0,0
8	黏糊糊的鐘乳洞	ぷにぷに鍾乳洞	100,150,200,300			1o,8,a,k,3,0,0,0,0	0.75,1,1,1			-1			3,-1,6,0,0,0,0,0
9	瓦魯肯諾火山	ボルケーノ火山	100,150,200,300			1m,q,b,4,0,2,0,0,0	0.75,1,1.25,1.25			-1			3,-1,6,0,0,0,0,0
a	千里之道	千里の道	100,150,200,300			1m,f,5,a,a,0,2,0,0	0.75,1,1.25,1.25			-1			3,-1,6,0,0,0,0,0
b	鹹魚要塞	アオ・ザ・カナ	100,150,200,300			1m,r,0,9,4,0,0,2,0	0.75,1,1.25,1.25			-1			3,-1,6,0,0,0,0,0
c	軍艦島	軍艦島	100,150,200,300			1l,p,0,d,3,2,0,0,0	0.75,1,1.25,1.25			-1			3,-1,6,0,0,0,0,0
d	貓咪磨爪的走廊	つめとぎの廊下	100,150,200,300			1l,k,a,a,0,0,2,0,0	0.75,1,1.25,1.25			-1			3,-1,6,0,0,0,0,0
e	帕德嫩神殿	パルテノン神殿	100,150,200,200			1l,e,9,e,5,0,0,2,0	0.75,1,1.25,1.25			-1			3,-1,6,0,0,0,0,0
f	退潮的海水浴場	ずんどこ海水浴場	100,150,200,200			1l,d,8,j,0,3,0,0,0	0.75,1,1.25,1.25			-1			3,-1,6,0,0,0,0,0
g	惡魔島	アルカトラズ島	100,150,200,200			1l,d,d,d,0,0,3,0,0	0.75,1,1.25,1.25			-1			3,-1,6,0,0,0,0,0
h	越獄隧道	脱獄トンネル	100,150,170,150			1k,b,b,h,3,0,0,3,0	0.75,1,1.25,1.25			-1			3,-1,6,0,0,0,0,0
i	卡彭監獄	カポネの監獄	100,150,170,140			1k,2,2,o,5,a,1,0,0	0.75,1,1.25,1.25			-1			3,-1,6,0,0,0,0,0
j	絲綢之路	シルクロード	100,140,160,140			1j,a,a,8,4,a,0,1,0	0.75,1,1.25,1.25			-1			3,-1,6,0,0,0,0,0
k	通向黑暗的地下道	闇へと続く地下道	100,130,150,130			1j,f,c,8,1,7,1,0,0	0.75,1,1.25,1.25			-1			3,-1,6,0,0,0,0,0
l	魔王的豪宅	魔王の豪邸	100,120,140,130			1j,a,a,f,5,5,0,1,0	0.75,1,1.25,1.25			-1			3,-1,6,0,0,0,0,0
m	終焉宣告之夜	終わりを告げる夜	100,120,140,120			1j,6,a,d,4,b,1,0,0	0.75,1,1.25,1.25			-1			3,-1,6,0,0,0,0,0
n	大混戰	バトルロワイアル	100,120,140,120			1j,f,4,8,4,d,0,1,0	0.75,1,1.25,1.25			-1			3,-1,6,0,0,0,0,0
o	戰爭的傷痕	戦争のつめあと	100,120,140,110			1i,9,c,7,2,5,c,0,0	0.75,1,1.25,1.25			-1			3,-1,6,0,0,0,0,0
p	污染海洋的壞人	海を汚す悪しき者	100,120,140,110			1i,c,7,4,4,b,9,0,0	0.75,1,1.25,1.25			-1			3,-1,6,0,0,0,0,0
q	連接心身的東西	心と体、繋ぐもの	100,120,140,100			1h,e,9,7,0,0,h,1,0	0.75,1,1.25,1.25			-1			3,-1,6,0,0,0,0,0
r	脆弱性和弱酸性	脆弱性と弱酸性	100,120,140,100			1h,5,h,a,2,6,6,0,0	0.75,1,1.25,1.25			-1			3,-1,6,0,0,0,0,0
s	被引導的貓咪們	導かれしネコ達	100,120,140,100			1g,7,f,9,2,4,b,0,0	0.75,1,1.25,1.25			-1			3,-1,6,0,0,0,0,0
t	黑暗的國際城市	暗黒コスモポリス	100,120,140,100			1g,9,e,7,0,d,4,1,0	0.75,1,1.25,1.25			-1			3,-1,6,0,0,0,0,0
u	加拉・巴・哥	ガラ・パ・ゴス	100,120,140,100			1f,a,6,i,4,4,8,0,0	0.75,1,1.25,1.25			-1			3,-1,6,0,0,0,0,0
v	岩海苔半島	岩海苔半島	100,120,140,100			1f,8,j,8,3,5,5,0,0	0.75,1,1.25,1.25			-1			3,-1,6,0,0,0,0,0
w	惡羅斯聯邦	恐ろし連邦	100,120,140,100			1e,c,c,c,0,8,8,0,0	0.75,1,1.25,1.25			-1			3,-1,6,0,0,0,0,0
x	亡者聚集之地	亡者の住まう地	100,120,140,100			1e,6,6,6,0,4,0,r,0	0.75,1,1.25,1.25			-1			3,-1,6,0,0,0,0,0
y	孤島大瘟疫	絶島パンデミック	100,120,140,100			1d,9,5,5,e,0,0,j,0	0.75,1,1.25,1.25			-1			3,-1,6,0,0,0,0,0
z	迪死你樂園	ふくろのねずみランド	100,120,130,100			1d,4,4,7,0,4,4,r,0	0.75,1,1.25,1.25			-1			3,-1,6,0,0,0,0,0
10	豪來塢帝國	ハリーウッド帝国	100,120,130,100			1d,5,3,5,3,3,0,w,0	0.75,1,1.25,1.25			-1			3,-1,6,0,0,0,0,0
11	小跟班海岸	こしぎんちゃくの浜辺	100,120,130,100			1c,f,6,6,0,3,i,3,0	0.75,1,1.25,1.25			-1			3,-1,6,0,0,0,0,0
12	雲泥溫泉鄉	雲泥温泉郷	100,120,130,100			1c,h,0,f,c,5,2,0,0	0.75,1,1.25,1.25			-1			3,-1,6,0,0,0,0,0
13	濃濃春色島	風待ちアイランド	100,120,130,100			1c,a,k,3,0,7,7,7,0	0.75,1,1.25,1.25			-1			3,-1,6,0,0,0,0,0
14	IT地下墓穴	ITカタコンベ	100,120,130,100			1b,a,a,d,0,d,0,7,0	0.75,1,1.25,1.25			-1			3,-1,6,0,0,0,0,0
15	怪展會之畫	変覧会の絵	100,120,130,100			1b,c,9,6,6,f,3,3,0	0.5,0.75,1,1			-1			3,-1,6,0,0,0,0,0
16	22區	エリア22	100,120,130,100			1b,0,7,0,3,3,x,7,0	0.75,1,1.25,1.25			-1			3,-1,6,0,0,0,0,0
17	超越大草原	超越サバンナ	100,120,130,100			1a,0,0,5,0,e,w,3,0	0.75,1,1.25,1.25			-1			3,-1,6,0,0,0,0,0
18	暴風雪車道	ブリザード自動車道	100,120,130,100			1a,8,8,8,0,8,c,c,0	0.75,1,1.25,1.25			-1			3,-1,6,0,0,0,0,0
19	奇點村	シンギュラリティ村	100,120,130,100			1a,i,3,a,5,8,a,0,0	0.75,1,1.25,1.25			-1			3,-1,6,0,0,0,0,0
1a	最終大陸	オワーリ大陸	100,120,130,100			19,9,e,e,e,5,0,0,0	0.75,1,1.25,1.25			-1			3,-1,6,0,0,0,0,0
1b	傳說的終點	伝説のおわり	100,120,130,100			19,9,2,9,4,d,8,9,0	0.75,1,1.25,1.25			-1			3,-1,6,0,0,0,0,0
1c	古代研究所	古代研究所	100,120,130,100			19,b,m,b,0,b,0,0,0	0.75,1,1.25,1.25			-1			3,-1,6,0,0,0,0,0
rs	星期一關卡	月曜ステージ								-1			
rt	星期二關卡	火曜ステージ								-1			
ru	星期三關卡	水曜ステージ								-1			
rv	星期四關卡	木曜ステージ								-1			
rw	星期五關卡	金曜ステージ								-1			
rx	週末關卡	土日ステージ（旧）								-1			
ry	貓咪券★機會！	にゃんチケ★チャンス！								-1			
rz	逆襲的河馬將	逆襲のカバちゃん			1					-1			
s0	秋天運動會！	秋だよ運動会！（旧）	100,150,200							-1			
s1	勞動感謝特別活動！	勤労感謝スペシャル！	100,150,200,300							-1			3,-1,6,0,0,0,0,0
s2	聖誕節居然來了！	なんとクリスマスが来た！	100,150,200,300							-1			3,-1,6,0,0,0,0,0
s3	新年快樂？	新年、あけました！おめっ…	100,150,200,300							-1			3,-1,6,0,0,0,0,0
s4	被召喚的福！	召喚された福！	100,150,200,250							-1			3,-1,6,0,0,0,0,0
s5	人偶架上的戰士們	雛壇の戦士達	100,150,200,300							-1			3,-1,6,0,0,0,0,0
s6	紅色突變	紅のカタストロフ			1					-1			
s7	黑暗天堂	ダークネスヘブン			1					-1			
s8	國士無雙	国士無双			1					-1			
s9	狂亂貓咪降臨	狂乱のネコ降臨			1					-1			
sa	狂亂坦克貓降臨	狂乱のタンク降臨			1					-1			
sb	狂亂戰鬥貓降臨	狂乱のバトル降臨			1					-1			
sc	狂亂噁心貓降臨	狂乱のキモネコ降臨			1					-1			
sd	狂亂牛貓降臨	狂乱のウシ降臨			1					-1			
se	狂亂鳥貓降臨	狂乱のトリ降臨			1					-1			
sf	狂亂魚貓降臨	狂乱のフィッシュ降臨			1					-1			
sg	狂亂蜥蜴貓降臨	狂乱のトカゲ降臨			1					-1			
sh	狂亂巨神貓降臨	狂乱の巨神降臨			1					-1			
si	春天來了!高校教師	春だよ！高校教師	100,150,200,300							-1			3,-1,6,0,0,0,0,0
sj	週末關卡	土日ステージ								-1			
sk	游擊戰經驗值喵！	ゲリラ経験値にゃ！								-1			
sl	相思病戀歌	コイの五月病	100,150,200,300							-1			3,-1,6,0,0,0,0,0
sm	禁斷之妻	禁断の花嫁	100,150,200,300							-1			3,-1,6,0,0,0,0,0
sn	因為夏天喵！	だって夏じゃニャーイ！	100,150,200,300							-1			3,-1,6,0,0,0,0,0
so	返鄉熱潮！	あの世からの帰省ラッシュ！	100,150,200,300							-1			3,-1,6,0,0,0,0,0
sp	月間活動全明星 特別紀念！	月イベントオールスターズ スペシャル記念！	100,150,200		1					-1			
sq	月間活動全明星 超強紀念！	月イベントオールスターズ ウルトラ記念！	100,150,200		1					-1			
sr	月間活動全明星 無敵紀念！	月イベントオールスターズ ミラクル記念！	100,150,200		1					-1			
ss	在鎮上看到的超強老人	町でみたすごい老人	100,150,200,300							-1			3,-1,6,0,0,0,0,0
st	開眼のにゃんこバーガー襲来！	韓国版☆特別ステージ								-1			
su	秋天運動會！	秋だよ運動会！	100,150,200,300							-1			3,-1,6,0,0,0,0,0
sv	天譴	天罰		1	2					-1			
sw	祝你生日快樂！ 之１	ハッピーバースデー！ その1								-1			
sx	祝你生日快樂！ 之２	ハッピーバースデー！ その2								-1			
sy	祝你生日快樂！ 之３	ハッピーバースデー！ その3								-1			
sz	鐵子的部屋	鉄子の部屋		1	2					-1			
t0	今年也請多指教！	ことよろにゃ！								-1			
t1	開眼女優貓來襲！	開眼の女優襲来！		1	2					-1			
t2	開眼功夫貓來襲！	開眼のカンフー襲来！		1	2					-1			
t3	開眼Mr.來襲！	開眼のMr.襲来！		1	2					-1			
t4	開眼緊縛貓來襲！	開眼の猫縛り襲来！		1	2					-1			
t5	開眼女王貓來襲！	開眼の女王猫襲来！		1	2					-1			
t6	開眼箱貓來襲！	開眼の箱詰め襲来！		1	2					-1			
t7	開眼三角褲貓來襲！	開眼のパンツ襲来！		1	2					-1			
t8	開眼輪輪貓來襲！	開眼のリンリン襲来！		1	2					-1			
t9	開眼忍者貓來襲！	開眼の忍者襲来！		1	2					-1			
ta	開眼殭屍貓來襲！	開眼のゾンビ襲来！		1	2					-1			
tb	開眼武士貓來襲！	開眼のさむらい襲来！		1	2					-1			
tc	開眼相撲貓來襲！	開眼のスモウ襲来！		1	2					-1			
td	開眼狂歡貓來襲！	開眼のフィーバー襲来！		1	2					-1			
te	開眼短裙貓來襲！	開眼のスカート襲来！		1	2					-1			
tf	超級游擊經驗值喵！	超ゲリラ経験値にゃ！		1	3					-1			
tg	情人節ｖｓ白色情人節大戰爭	バレンタインvsホワイトデー大戦争	100,150,200							1			
th	黑夜襲擊　1st	闇討ち 1st	100,150,200							-1			
ti	黑夜襲擊　2nd	闇討ち 2nd	100,150,200							-1			
tj	黑夜襲擊　3rd	闇討ち 3rd	100,150,200							-1			
tk	黑夜襲擊　Last	闇討ち Last	100,150,200							-1			
tl	貓咪大戰爭3DS！	とびだす！にゃんこ大戦争	100,150,200,300							1			3,-1,6,0,0,0,0,0
tm	絕望異次元	絶望異次元		1	2					-1			
tn	小籠包★Q彈來襲	TWその１								-1			
to	慶祝2000萬下載紀念 HAPPY大禮！	2000万ダウンロード記念 ハッピープレゼント！								-1			
tp	極難祭！	極ムズカーニバル！			1					0			
tq	月間活動全明星 絕佳紀念！	月イベントオールスターズ ワンダフル記念！	100,150,200		1					-1			
tr	TWその１	EN1								-1			
ts	正統萬聖節到來!	王道ハロウィン到来！	100,150,200							-1			
tt	游擊星期一關卡	ゲリラ月曜ステージ		1	4					-1			
tu	游擊星期二關卡	ゲリラ火曜ステージ		1	4					-1			
tv	游擊星期三關卡	ゲリラ水曜ステージ		1	4					-1			
tw	游擊星期四關卡	ゲリラ木曜ステージ		1	4					-1			
tx	游擊星期五關卡	ゲリラ金曜ステージ		1	4					-1			
ty	逆襲的臉君	逆襲のカオル君		1	4					0			
tz	活動全明星關卡 卓越紀念！	イベントオールスターズ エクセレント記念！	100,150,200		1					-1			
u0	生日禮物！	バースデープレゼント！								-1			
u1	紅鼻子聖誕老人的禮物！	赤鼻サンタのプレゼント！	100,150,200							-1			
u2	新年也請多多指教!	ことよろにゃ！								-1			
u3	開眼成人貓來襲！	開眼のにゃんこ成人襲来！		1	2					-1			
u4	開眼我是鬼來襲！	開眼の吾輩は、鬼である襲来！		1	2					-1			
u5	開眼人偶貓咪來襲！	開眼のひなにゃんこ襲来！		1	2					-1			
u6	開眼少女貓來襲！	開眼のネコ乙女襲来！		1	2					-1			
u7	開眼至死不渝的戀情來襲！	開眼のマジでコイしてる襲来！		1	2					-1			
u8	開眼新娘太太來襲！	開眼のマダム・ザ・花嫁襲来！		1	2					-1			
u9	開眼女王的假期來襲！	開眼の女王様の休日襲来！		1	2					-1			
ua	開眼幽魂吶吶來襲！	開眼のうらめしにゃん襲来！		1	2					-1			
ub	開眼功夫貓來襲！	開眼のカンフーにゃんこG襲来！		1	2					-1			
uc	開眼運動會貓來襲！	開眼のネコ運動会襲来！		1	2					-1			
ud	開眼上班族貓來襲！	開眼のネコリーマン襲来！		1	2					-1			
ue	開眼的馴鹿魚來襲！	開眼のトナカイフィッシュ襲来！		1	2					-1			
uf	斷罪天使海蝶降臨	断罪天使クオリネル降臨		1	4					-1			
ug	緊急暴風警報	緊急爆風警報		1	4					-1			
uh	進化的綠色貓薄荷	進化の緑マタタビ		1	3					-1			
ui	進化的紫色貓薄荷	進化の紫マタタビ		1	3					-1			
uj	進化的紅色貓薄荷	進化の赤マタタビ		1	3					-1			
uk	進化的藍色貓薄荷	進化の青マタタビ		1	3					-1			
ul	進化的黃色貓薄荷	進化の黄マタタビ		1	3					-1			
um	大狂亂貓咪降臨	大狂乱のネコ降臨		a	j					-1			
un	大狂亂坦克貓降臨	大狂乱のタンク降臨		b	j					-1			
uo	大狂亂戰鬥貓降臨	大狂乱のバトル降臨		c	j					-1			
up	大狂亂噁心貓降臨	大狂乱のキモネコ降臨		d	j					-1			
uq	大狂亂牛貓降臨	大狂乱のウシ降臨		e	j					-1			
ur	大狂亂鳥貓降臨	大狂乱のトリ降臨		f	j					-1			
us	大狂亂魚貓降臨	大狂乱のフィッシュ降臨		g	j					-1			
ut	大狂亂蜥蜴貓降臨	大狂乱のトカゲ降臨		h	j					-1			
uu	大狂亂巨神貓降臨	大狂乱の巨神降臨		i	j					-1			
uv	禍不單行	弱り目に祟り目		3	4					2			
uw	神判日	神判の日		3	4					2			
ux	TWその１	協賛BitSummit記念！								-1			
uy	超尖端科技	オーバーテクノロジー		3	4					2			
uz	心動夏日祭典	ときめき夏祭り	100,150,200							1			
v0	神秘宅速配	謎の宅急便								0			
v1	地獄門	地獄門		1	4					-1			
v2	貓薄荷挑戰	マタタビチャレンジ		1	3					-1			
v3	女帝飛來	女帝飛来		1	4					-1			
v4	極難祭2！	極ムズカーニバル2！			1					0			
v5	文化祭美食戰爭	文化祭グルメ戦争（旧）								-1			
v6	滾死樂團	ローリング・デッド		1	4					-1			
v7	生日禮物！	バースデープレゼント！								-1			
v8	終極游擊經驗值喵！	極ゲリラ経験値にゃ！		3	4					-1			
v9	貓咪雪祭	にゃんこ雪まつり								-1			
va	今年也請多指教！	ことよろにゃ！								-1			
vb	日本貓咪節	222 ～猫の日～	100,130,150							-1			
vc	亡者肥普降臨	亡者デブウ降臨		1	4					-1			
vd	神秘復活節	謎のイースター	100,150,200,300							1			3,-1,6,0,0,0,0,0
ve	開眼小小貓來襲！	開眼のちびネコ襲来！		4	4					-1			0,-1,6,0,0,0,0,0
vf	開眼小小坦克貓來襲！	開眼のちびタンクネコ襲来！		4	4					-1			0,-1,6,0,0,0,0,0
vg	開眼小小戰鬥貓來襲！	開眼のちびバトルネコ襲来！		4	4					-1			0,-1,6,0,0,0,0,0
vh	開眼小小噁心貓來襲！	開眼のちびキモネコ襲来！		4	4					-1			0,-1,6,0,0,0,0,0
vi	開眼小小牛貓來襲！	開眼のちびウシネコ襲来！		4	4					-1			0,-1,6,0,0,0,0,0
vj	開眼小小鳥貓來襲！	開眼のちびネコノトリ襲来！		4	4					-1			0,-1,6,0,0,0,0,0
vk	開眼小小魚貓來襲！	開眼のちびネコフィッシュ襲来！		4	4					-1			0,-1,6,0,0,0,0,0
vl	開眼小小蜥蜴貓來襲！	開眼のちびネコトカゲ襲来！		4	4					-1			0,-1,6,0,0,0,0,0
vm	開眼小小巨神貓來襲！	開眼のちび巨神ネコ襲来！		4	4					-1			0,-1,6,0,0,0,0,0
vn	神秘好禮！	謎のプレゼント								-1			
vo	日進斗金 淘金夢	黄金週間ゴールデンウィーク								-1			
vp	謎のプレゼント	協賛BitSummit記念！								-1			
vq	濕濕黏黏大進擊！	じめじめなめなめ大進撃！（旧）								-1			
vr	謎のプレゼント	開眼のにゃんこカート襲来！		1	2					-1			
vs	謎のプレゼント	開眼のネコンドー襲来！		1	2					-1			
vt	3000萬下載紀念 HAPPY大禮！	3000万ダウンロード記念 ハッピープレゼント！								-1			
vu	活動全明星 偉大紀念！	イベントオールスターズ グレイト記念！	100,150,200		1					-1			
vv	謎のプレゼント	謎のプレゼント2								-1			
vw	開眼花盆貓來襲！	開眼のネコフラワー襲来！		3	6					-1			
vx	暑修課程	サマーレッスン								1			
vy	紅磚與宇宙石的洞窟	レンガと宇宙石の洞窟		1	1					-1			
vz	備長炭與神秘骨頭的島	備長炭と謎の骨の島		1	1					-1			
w0	羽毛與鋼製齒輪的海岬	羽根と歯車と黄金の岬		1	1					-1			
w1	謎のプレゼント	開眼のにゃんこバーガー襲来！		1	2					-1			
w2	秋季白金週	秋色シルバーウィーク								1			
w3	超終極游擊經驗值喵！	超極ゲリラ経験値にゃ！		6						0			
w4	生日禮物！	バースデープレゼント！								0			
w5	絕望新次元	絶望新次元		4	7					-1			
w6	吉娃娃伯爵降臨	チワワン伯爵降臨		4	6					-1			0,-1,49,0,0,0,0,0
w7	今年也請多指教！	ことよろにゃ！								-1			
w8	加油！入考大戰爭	がんばれ！受験大戦争								-1			
w9	狂亂萌貓降臨	狂乱のもねこ降臨		3	3					-1			
wa	進化的古代貓薄荷	進化の古代マタタビ		k	k					-1			
wb	謎のプレゼント	協賛BitSummit記念！								-1			
wc	濕濕黏黏大進擊！	じめじめなめなめ大進撃！								-1			
wd	續・禁斷之妻	続・禁断の花嫁		1	3					-1			
we	因為超級夏天喵！	だって超夏じゃニャーイ！		1	3					-1			
wf	收假熱潮！	あの世へのUターンラッシュ！		1	3					-1			
wg	在鎮上看到的超強老人2	町でみたすごい老人2		1	3					-1			
wh	絕・紅色突變	絶・紅のカタストロフ		u	u					-1			0,0,0,0,0,1200,0,0
wi	夜間運動會！	夜だよ！大運動会		1	3					-1			
wj	工作方式大革命	働き方レボリューション		1	3					-1			
wk	絕・黑暗天堂	絶・ダークネスヘブン		v	v					-1			0,0,4,0,0,0,0,0
wl	大逆襲的鋼鐵熊	大逆襲のメタックマ		1	4					0			
wm	文化祭美食戰爭	文化祭グルメ戦争								-1			
wn	宇宙中聖誕節居然也來了！	宇宙からもクリスマスが来た！		1	3					-1			
wo	絕・國士無雙	絶・国士無双		w	w					-1			0,0,0,10,0,0,0,0
wp	春宵苦短，少女做夢吧！	夜は短し夢みよ乙女		4	6					-1			
wq	紅色戰亂 1st	赤狩り 1st	100,150,200							-1			
wr	紅色戰亂 2nd	赤狩り 2nd	100,150,200							-1			
ws	紅色戰亂 3rd	赤狩り 3ｒd	100,150,200							-1			
wt	紅色戰亂 Last	赤狩り Last	100,150,200							-1			
wu	活動全明星 超級豪華大禮	イベントオールスターズ スーパープレゼントDX			1					-1			
wv	生日禮物	バースデープレゼント！								0			
ww	新年快樂了？	新年、あけてました。おめっ…		1	3					-1			
wx	絕・天譴	絶・天罰		x	x					-1			0,0,4,0,0,0,0,0
wy	再次被召喚的福！	さらに召喚された福！		1	3					-1			
wz	絕・鐵子的部屋	絶・鉄子の部屋		y	y					-1			0,0,0,0,0,0,750,0
x0	今年也請多指教！	ことよろにゃ！								-1			
x1	零號颱風	台風零号		k	k					-1			
x2	極難祭3！	極ムズカーニバル3		1	7					0			
x3	慶祝4000萬下載紀念 HAPPY大禮！	4000万ダウンロード記念 ハッピープレゼント！								-1			
x4	人偶架上的戰士們特別版	雛壇の戦士達SP		1	3					-1			
x5	絕・絕望異次元	絶・絶望異次元		z	z					-1			0,0,0,0,0,300,0,0
x6	新・春天來了!高校教師	新・春だよ！高校教師		1	3					-1			
x7	絕・緊急暴風警報	絶・緊急暴風警報		2j	2j					-1			0,0,8,0,0,0,0,0
x8	絕・斷罪天使海蝶降臨	絶・断罪天使クオリネル降臨		10	10					-1			0,0,0,5,0,0,0,0
x9	再一次的相思病戀歌	コイの五月病アゲイン		1	3					-1			
xa	絕・滾死樂團	絶・ローリングデッド		2k	2k					-1			0,0,0,0,0,0,600,0
xb	絕・地獄門	絶・地獄門		11	11					-1			0,0,51,0,0,0,0,0
xc	謎のプレゼント	にゃんこグミ大戦争								0			
xd	絕・女帝飛來	絶・女帝飛来		12	12					-1			0,0,0,0,0,0,3900,0
xe	謎のプレゼント	協賛BitSummit記念！								-1			
xf	絕・絕望新次元	絶・絶望新次元		2l	2l					-1			0,0,3,0,0,0,0,0
xg	神秘宅速配	謎の宅配便								1			
xh	絕・亡者肥普降臨	絶・亡者デブウ降臨		13	13					-1			0,0,0,0,0,1200,0,0
xi	兩人一起！貓咪大戰爭	ふたりで！にゃんこ大戦争	100,150,200,300							1			3,-1,6,0,0,0,0,0
xj	絕・吉娃娃伯爵降臨	絶・チワワン伯爵降臨		14	14					-1			0,0,8,0,0,0,0,0
xk	狂亂家族大亂鬥	大乱闘狂乱ファミリーズ		j	j					-1			
xl	喵喵紀念日	にゃんにゃん記念日								0			
xm	草原的決鬥	草原の決闘								-1			0,-1,0,1,0,0,0,0
xn	晚霞的決鬥	夕焼けの決闘								-1			0,-1,0,1,0,0,0,0
xo	星空的決鬥	星空の決闘								-1			0,-1,0,1,0,0,0,0
xp	沙灘的決鬥	砂浜の決闘								-1			0,-1,0,1,0,0,0,0|0,-1,0,1,0,0,0,0
xq	絕・春宵苦短，少女做夢吧！	絶・夜は短し夢みよ乙女		15	15					-1			0,0,53,0,0,0,0,0
xr	藍色衝擊	ブルーインパクト		7	8					-1			
xs	生日禮物！	バースデープレゼント！								0			
xt	奈落門	奈落門		11	2633					-1			
xu	奈落門	謎の宅配便								1			
xv	聖者波普降臨	聖者ポプウ降臨		13	2639					-1			
xw	古王妃飛來	古王妃飛来		12	2635					-1			
xx	今年也請多指教！	ことよろにゃ！(ΦωΦ)								-1			
xy	進化的彩虹貓薄荷	進化の虹マタタビ		2f6w	2f6w					-1			
xz	2019年度最多演出敵人前五名！	2019年最多出演敵ベスト５！								-1			
y0	農曆新年關卡	生日禮物！								0			
y1	神秘宅速配	生日禮物！								1			
y2	暗沼幽靈	ほの暗い沼の底から		4	5					-1			
y3	火口決鬥	火口の決闘		263h	263h					-1			0,-1,0,1,0,0,0,0
y4	5000萬下載紀念 HAPPY大禮！	5000万ダウンロード記念 ハッピープレゼント！								-1			
y5	綺羅星汪汪降臨	綺羅星ペロ降臨		14	263b					-1			0,-1,0,10,0,0,0,0
y6	生日禮物！	バースデープレゼント!								0			
y7	死靈妖精海蝶降臨	死霊妖精クオリネム降臨		10	2630					-1			
y8	第一次的差事	はじめてのお遣い		15	263i					-1			
y9	地圖王的安眠島	地図王の眠る島		6	6					-1			
ya	大亂鬪 春季特別活動	大乱闘 春イベスペシャル		1	q			1		1			
yb	大亂鬪 夏季特別活動	大乱闘 夏イベスペシャル		1	r			1		1			
yc	大亂鬪 秋季特別活動	大乱闘 秋イベスペシャル		1	s			1		1			
yd	大亂鬪 冬季特別活動	大乱闘 冬イベスペシャル		1	t			1		1			
ye	雙人鬪技場 菜鳥	タッグ闘技場 ルーキー								-1			0,-1,0,2,0,0,0,0
yf	雙人鬪技場 入門	タッグ闘技場 ビギナー								-1			0,-1,0,2,0,0,0,0
yg	雙人鬪技場 老手	タッグ闘技場 ベテラン								-1			0,-1,0,2,0,0,0,0
yh	雙人闘技場 職業	タッグ闘技場 プロ								-1			0,-1,0,2,0,0,0,0
yi	雙人闘技場 專家	タッグ闘技場 エキスパート		2649	2649					-1			0,-1,0,2,0,0,0,0
yj	絕・暗沼幽靈	絶・ほの暗い沼の底から		2n	2n					-1			0,0,53,0,0,0,0,0
yk	生日禮物！	バースデープレゼント!								0			
yl	2020年度最多演出敵人前五名！	2020年最多出演敵ベスト５！								-1			
ym	破滅的序曲	破滅への序曲		2f6w	2f6w					-1			
yn	絕・零號颱風	絶・台風零号		2m	2m					-1			0,0,0,0,0,0,900,0
yo	海底的決鬥	海底の決闘		263v	263v					-1			0,-1,0,1,0,0,0,0
yp	ネコウエハース降臨	ネコウエハース降臨								0			
yq	終末連戰場	終末ノ連戦場			1					2			
yr	天使與般若	天使と般若		1	1s					-1			
ys	女帝與亡者	女帝と亡者		1	1t					-1			
yt	伯爵與乙女	伯爵と乙女		4	1u					-1			0,-1,49,0,0,0,0,0
yu	6000萬下載紀念 HAPPY大禮！	6000万ダウンロード記念 ハッピープレゼント！								-1			
yv	魔法書暗示的場所	魔導書の示す場所		3	3			1		2			
yw	異界的僕人	異界のしもべ		3	3			1		2			
yx	解放的貓咪	ネコの解放		264n	264n			1		-1			
yy	解放的坦克貓	タンクネコの解放		264o	264o			1		-1			
yz	大魔王	メガサターン		3	3					-1			
z0	熱血！滾大球比賽	熱血！大玉転がし	100,150,200,300							1			3,-1,6,0,0,0,0,0
z1	熱血！障礙物競走	熱血！障害物競走	100,150,200							1			
z2	熱血！兩人三腳賽 低學年	熱血！二人三脚バトル  低学年								1			0,-1,0,2,0,0,0,0
z3	熱血！兩人三腳賽 中學年	熱血！二人三脚バトル  中学年			264u					1			0,-1,0,2,0,0,0,0
z4	熱血！兩人三腳賽 高學年	熱血！二人三脚バトル  高学年			264v					1			0,-1,0,2,0,0,0,0
z5	惡魔園	デーモンパーク		3	3			1		2			
z6	解放的戰鬥貓	バトルネコの解放		264x	264x			1		-1			
z7	お年玉襲来！	ネコウエハース降臨	100,150,200							-1			
z8	解放的貓咪們	ネコたちの解放		1v	1v			1		-1			
z9	女王的研究報告1	女王の研究報告１		2650	2650			1		2			
za	女王的研究報告2	女王の研究報告２		2651	2651			1		2			
zb	女王的研究報告3	女王の研究報告３		2652	2652			1		2			
zc	誘惑的交響曲	誘惑のシンフォニー		2650	2650					-1			
zd	羅生門	羅生門		2650	1y					-1			
ze	進化的惡貓薄荷	進化の悪マタタビ		2650	2650			2		-1			
zf	女王的研究報告4	女王の研究報告４		2653	2653			1		2			
zg	女王的研究報告5	女王の研究報告５		2657	2657			1		2			
zh	女王的挖掘調查1	女王の発掘調査１		2650	2650			1		2			
zi	女王的挖掘調查2	女王の発掘調査２		2659	2659			1		2			0,-1,0,15,0,0,0,0
zj	女王的挖掘調查3	女王の発掘調査３		265a	265a			1		2			0,-1,0,15,0,0,0,0
zk	女王的挖掘調查4	女王の発掘調査４		265b	265b			1		2			0,-1,0,15,0,0,0,0
zl	女王的挖掘調查5	女王の発掘調査５		265c	265c			1		2			0,-1,0,15,0,0,0,0
zm	Q1.猜猜我是誰	Q1.箱の中身クイズ							30分鐘	1			
zn	Q5.輸贏靠時運	Q5.時の運クイズ								-1			
zo	生日禮物！	バースデープレゼント！								0			
zp	2021年度最多演出敵人前五名！	2021年最多出演敵ベスト５！								-1			
zq	紅包來襲！	お年玉襲来！	100,150,200							1			
zr	黑夜襲擊之戰	闇討ちの戦い							6小時	1			
zs	農曆新年HAPPY大禮！	春節ハッピープレゼント！								0			
zt	烈火之亂	烈火の乱							6小時	1			
zu	後輩送的本命巧克力	後輩からの本命チョコ								1			0,-1,0,2,0,0,0,0
zv	前輩送的本命巧克力	先輩からの本命チョコ			265m					1			0,-1,0,2,0,0,0,0
zw	青梅竹馬送的本命巧克力	幼なじみからの本命チョコ			265n					1			0,-1,0,2,0,0,0,0
zx	中秋節HAPPY大禮！	中秋節ハッピープレゼント！								0			
zy										-1			
zz										-1			
100	絕・奈落門	絶・奈落門		263l	263l					-1			0,0,0,5,0,0,0,0
101	我們的情人節戰爭	僕らのバレンタイン戦争	100,150,200,300							1			3,-1,6,0,0,0,0,0
102	Season2～心動時分文化祭～	Season2～トキメキ文化祭～	100,150,200,300							1			3,-1,6,0,0,0,0,0
103	Season3～校外教學～	Season3～修学旅行～								1			
104	Weekend～告白～	Weekend～告白～								1			-1,-1,0,0,0,0,0,5
105	Weekend～告白～	Weekend～告白～								1			-1,-1,0,0,0,0,0,5
106	Weekend～告白～	Weekend～告白～								1			-1,-1,0,0,0,0,0,5
107	Season4～畢業之日～	Season4～卒業の日～								1			-1,-1,0,0,0,0,0,5
108	7000萬下載紀念 HAPPY大禮！	7000万ダウンロード記念 ハッピープレゼント！								0			
109	亡者與河豚	亡者と河豚		7	1z					-1			
10a	女帝與少女	女帝と乙女		4	20					-1			
10b	伯爵與天使	伯爵と天使		4	21					-1			0,-1,49,0,0,0,0,0
10c	#02「13號星期？」	#02「13日は何曜日」	100,150,200							1			
10d	#04「貓鳴村」	#03「ネコ鳴村」	100,150,180							1			
10e		決闘チャレンジ								-1			
10f		タッグ闘技チャレンジ								-1			
10g	密林的異變	密林の異変		2o	2o			1		-1			
10h	沙漠的怪事	砂漠の怪異		2p	2p			1		-1			
10i	火山的威脅	火山の脅威		2q	2q			1		-1			
10j	蟲蟲王者相撲 預賽	トントンムシ相撲 予選		1	3					1			-1,-1,0,0,0,0,0,6
10k	蟲蟲王者相撲 半準決賽	トントンムシ相撲 準々決勝		266b	266b					1			-1,-1,0,0,0,0,0,6
10l	蟲蟲王者相撲 準決賽	トントンムシ相撲 準決勝		266c	266c					1			-1,-1,0,0,0,0,0,6
10m	蟲蟲王者相撲 決賽	トントンムシ相撲 決勝		266d	266d					1			-1,-1,0,0,0,0,0,6
10n	超終極惡游擊經驗值喵！	超極悪ゲリラ経験値にゃ！		2650	2650					0			
10o	#01 甜點爭奪戰	#01 お菓子争奪戦	100,150,200,200							1			3,-1,6,0,0,0,0,0
10p	#03 超恐怖惡作劇	#03 恐怖の悪戯計画	100,150	1	3					1			
10q	第2部 敵軍団行進	第2部 敵軍団行進								-1			
10r		第5部 名曲パレード	100,150,200							-1			
10s		バースデープレゼント!								0			
10t	第一晚 辛勞的聖誕貓咪	第一夜 働くニャンタクロース	100,150,200							1			
10u	進化的彩虹獸石	進化の虹獣石		2r	2r			2		2			
10v	2022年度最多演出敵人前五名！	2022年最多出演敵ベスト５！								-1			
10w	8000萬下載紀念 HAPPY大禮！	8000万ダウンロード記念 ハッピープレゼント！								0			
10x	After Story～畢業之日～	After Story～卒業の日～		265z	265z					1			-1,-1,0,0,0,0,0,5
10y	Weekend～再次告白～	Weekend～告白リベンジ～		265w	265w					1			-1,-1,0,0,0,0,0,5
10z	Weekend～再次告白～	Weekend～告白リベンジ～		265x	265x					1			-1,-1,0,0,0,0,0,5
110	Weekend～再次告白～	Weekend～告白リベンジ～		265y	265y					1			-1,-1,0,0,0,0,0,5
111	密林的異變Ⅱ	密林の異変Ⅱ		2s	2s			1		-1			
112	沙漠的怪事Ⅱ	砂漠の怪異Ⅱ		2t	2t			1		-1			
113	火山的威脅Ⅱ	火山の脅威Ⅱ		2u	2u			1		-1			
114	殭屍古堡	アンデッドハザード							6小時	1			
115	開眼彩蛋貓來襲！	開眼のネコエッグ襲来！		1	3					-1			
116	絕・綺羅星汪汪降臨	絶・綺羅星ペロ降臨		263x	263x					-1			0,0,15,10,0,0,0,0
117	小小貓大試煉	ちびネコ大試練		2v	2v					2			0,-1,6,0,0,0,0,0
118	大魔王貓彈大降臨	大魔王ニャンダム大降臨		4	6					-1			
119		バースデープレゼント								0			
11a	絕・大魔王	絶・メガサターン		2w	2w					-1			0,0,52,0,0,0,0,0
11b	#02「恐怖婚宴」	#02「恐怖の披露宴」								1			
11c	暑假的最後趕作業	夏の終わり、宿題		1	3					-1			
11d	密林的異變Ⅲ	密林の異変Ⅲ		2x	2x			1		-1			
11e	沙漠的怪事Ⅲ	砂漠の怪異Ⅲ		2y	2y			1		-1			
11f	火山的威脅Ⅲ	火山の脅威Ⅲ		2z	2z			1		-1			
11g	三途沼澤之王大降臨	三途の沼のヌシ大降臨		2n	2n					-1			
11h	機械反抗軍	機械の反乱軍							6小時	1			
11i	極惡貓咪降臨	極悪のネコ降臨		1y	1y					-1			
11j	極惡坦克貓降臨	極悪のタンク降臨		1y	1y					-1			
11k	極惡戰鬥貓降臨	極悪のバトル降臨		1y	1y					-1			
11l	極惡噁心貓降臨	極悪のキモネコ降臨		1y	1y					-1			
11m	極惡牛貓降臨	極悪のウシ降臨		1y	1y					-1			
11n	極惡鳥貓降臨	極悪のトリ降臨		1y	1y					-1			
11o	極惡魚貓降臨	極悪のフィッシュ降臨		1y	1y					-1			
11p	極惡蜥蜴貓降臨	極悪のトカゲ降臨		1y	1y					-1			
11q	極惡巨神貓降臨	極悪の巨神降臨		1y	1y					-1			
11r	熱血！大隊接力	熱血！リレー大会								2			
11s		第2章 ツボ洞窟の死闘								-1			
11t		第5章 わんわん城の戦い								-1			0,0,0,10,0,0,0,0|0,1,0,10,0,0,0,0|0,2,0,0,1,0,0,0|0,3,0,0,1,0,0,0|0,4,0,0,0,300,0,0|0,5,0,0,0,300,0,0|0,6,0,0,0,0,1200,0|0,7,0,0,0,0,1200,0|0,8,21,0,0,0,0,0
11u		最終章 決戦！わんわん大王			32					-1			
11v		バースデープレゼント！								0			
11w	第三晚 聖誕禮物二次投遞	第三夜  聖夜のプレゼント再配達		1	3					-1			
11x	2023年度最多演出敵人前五名！	2023年最多出演敵ベスト５！								-1			
11y	大雪汪汪	雪やわんわん			p					-1			
11z	決戰春節特賣會	春節セールの戦い		1	3					-1			
120	9000萬下載紀念 HAPPY大禮！	9000万ダウンロード記念 ハッピープレゼント！								0			
121		厄災のわんわん王国			33					-1			
122		バースデープレゼント！								0			
123										0			
124	週末蜜月旅行 第1週	週末ハネムーン 1週目		1	3					-1			
125	週末蜜月旅行 第2週	週末ハネムーン 2週目		1	3					-1			
126	週末蜜月旅行 最末週	週末ハネムーン 最終週		1	3					-1			
127	絕・第一次的差事	絶・はじめてのお遣い		2640	2640					-1			0,0,17,0,0,0,0,0
128	極惡家族大亂鬥	大乱闘極悪ファミリーズ		34	34					-1			
129	阿龜與小孩	阿亀と赤子		38	35					-1			
12a	王子與死靈	王子と死霊		39	36					-1			0,-1,0,10,0,0,0,0
12b	蜜江與聖者	蜜江と聖者		3a	37					-1			
12c	夏夜回家路	夏の夜、帰り道								-1			
12d	絕・聖者波普降臨	絶・聖者ポプウ降臨		263n	263n					-1			0,0,12,0,0,0,0,0
12e		ジャングルサバイバル								-1			
12f		絶・古王妃飛来		263o	263o					-1			0,0,0,0,1,0,0,0
1jk	バースデープレゼント！	ふるさと自衛隊								-1			
1jl	超魅惑公主	魅惑のプリンセス	100,150,200,300							1			3,-1,6,0,0,0,0,0
1jm	飛踢公主關卡	ケリ姫ステージ	100,150,200,300							1			3,-1,6,0,0,0,0,0
1jn	來自初期的使者	黎明期からの使者	100,150,200							-1			
1jo	バースデープレゼント！	拡散性ミリオンアーサー								-1			
1jp	バースデープレゼント！	ドラゴンポーカー	100,150							-1			
1jq	大魔王降臨！？	ラスボス降臨!?								-1			
1jr	地獄級梅露可物語	地獄のメルクストーリア	100,150,200,200							1			3,-1,6,0,0,0,0,0
1js	對決！梅露可物語	対決！メルクストーリア	100,150,200,300							1			3,-1,6,0,0,0,0,0
1jt	バースデープレゼント！	ドラゴンリーグ	100,150							-1			
1ju	バースデープレゼント！	超激突！氣志團！！	100,150							-1			
1jv	活下去! 曼波魚!!	生きろ！マンボウ！								-1			
1jw	開眼Droid來襲！	開眼のドロイド襲来！								-1			
1jx	消滅都市～第1章～	消滅都市 ～第１章～	100,200,300							-1			
1jy	消滅都市～第2章～	消滅都市 ～第２章～	100,200,300							-1			
1jz	消滅都市～第3章～	消滅都市 ～第３章～	100,200,300							-1			
1k0	バースデープレゼント！	極道大戦争								-1			
1k1	梅露可物語大反擊	逆襲のメルクストーリア	100,150,200							-1			
1k2	開眼的癒術士來襲！	開眼の癒術士襲来！								-1			
1k3	バースデープレゼント！	モンハン大狩猟クエスト								-1			
1k4	バースデープレゼント！	【緊急】モンハン大狩猟クエスト								-1			
1k5	METAL SLUG DEFENSE 越南大戰	メタルスラッグディフェンス	100,150,200,300							1			3,-1,6,0,0,0,0,0
1k6	METAL SLUG DEFENSE 超級越南大戰	超メタルスラッグディフェンス	100,150,200,200							1			3,-1,6,0,0,0,0,0
1k7	バースデープレゼント！	神略！ゆるドラシル	100,150,200							-1			
1k8	城與龍	城とドラゴン	100,150,200							1			
1k9	開眼的城與龍	開眼の城とドラゴン								-1			
1ka	固若金湯的城與龍	難攻不落の城とドラゴン	100,150,200,250							1			3,-1,6,0,0,0,0,0
1kb	バースデープレゼント！	まもるよネコさん								-1			
1kc	開眼的拓也與小雪	開眼のタクヤとユキ								-1			
1kd	來自菇菇的戰帖	なめこからの挑戦状								-1			
1ke	バースデープレゼント！	ふてたネコあらわる								-1			
1kf	魔法少女小圓	魔法少女まどか☆マギカ	100,200,300							-1			
1kg	魔女的結界	魔女の結界	100,200,300							-1			
1kh	魔女的結界	魔女の結界	100,200,300							-1			-1,-1,0,0,0,0,0,3
1ki	魔女的結界	魔女の結界	100,200,300							-1			
1kj	魔女之夜	ワルプルギスの夜								-1			
1kk	バースデープレゼント！	突撃！キャットバスターズ								-1			
1kl	開眼的歌謠貓來襲！	開眼の歌謡にゃんこ襲来！								-1			
1km	PIKO太郎	ピコ太郎								-1			
1kn	追逐夢想男偶像	TWその２								-1			
1ko	バースデープレゼント！	ナゾのウサギ登場!?								-1			
1kp	ALICE的入口	ALICEの入り口	100,200,300							-1			
1kq	月夜古城	月夜のオールドシティ	100,200,300							-1			
1kr	開眼飛踢公主來襲！	開眼のケリ姫襲来！								1			
1ks	開眼飛踢睡美人來襲！	開眼の眠れるケリの美女襲来！								1			
1kt	失去世界	失われし世界	100,200,300							-1			
1ku	開眼的梅露可來襲！	開眼のメルク襲来！								-1			
1kv	開眼的推推來襲！	開眼のティティ襲来！								-1			
1kw	神秘的梅露可物語	神秘のメルクストーリア								-1			
1kx	軟爛中	ぐでぐでしてます	100,200,300							-1			
1ky	反正遲早都會被吃	どうせ食べられるだけだし	100,200,300							-1			
1kz	貓奴大王	ＴＷその３								-1			
1l0	聖杯戰爭的緣起	聖杯戦争の始まり	100,200,300,300							1			3,-1,6,0,0,0,0,0
1l1	激鬥！Saber來襲！	激闘！セイバー襲来！	100,200,300							-1			
1l2	激鬥！Lancer來襲！	激闘！ランサー襲来！	100,200,300							-1			
1l3	激鬥！Archer來襲！	激闘！アーチャー襲来！	100,200,300							-1			
1l4	激鬥！Rider來襲！	激闘！ライダー襲来！	100,200,300							-1			
1l5	大激鬥！Gilgamesh來襲！	大激闘！ギルガメッシュ襲来！	100,200,300							-1			
1l6	實況野球高校 2年級的夏天	パワフル高校2年の夏								-1			
1l7	來自沒問題博士的戰帖	ダイジョーブ博士の挑戦状								-1			
1l8	約會戰 貓塚花凜	デートステージ 猫塚かりん								-1			
1l9	約會戰 紺野美崎	デートステージ 紺野美崎								-1			
1la	約會戰 虹谷彩理	デートステージ 虹谷彩理								-1			
1lb	約會戰 片桐戀	デートステージ 片桐恋								-1			
1lc	來自懶得鳥你的戰帖	つくね荘からの挑戦状								-1			
1ld	出擊！EVANGELION	発進！エヴァンゲリオン	100,200,300,400							1			3,-1,6,0,0,0,0,0
1le	決戰！屋島作戰	決戦！ヤシマ作戦	100,200,300,400							1			3,-1,6,0,0,0,0,0
1lf	第9使徒，來襲	第９の使徒、襲来	100,200,300,400							-1			3,-1,6,0,0,0,0,0
1lg	第10使徒，來襲	第１０の使徒、襲来	100,200,300							-1			
1lh	波兔森林的朋友們	ポコ森の仲間たち	100,150,200							-1			
1li	好友3人行	仲良し３人組	100,150,200							-1			
1lj	開眼飛踢睡美人來襲！	太秦萌の通学	100,150,200							-1			
1lk	開眼飛踢睡美人來襲！	松賀咲の通学	100,150,200							-1			
1ll	開眼飛踢睡美人來襲！	小野ミサの通学	100,150,200							-1			
1lm	開眼飛踢睡美人來襲！	地下鉄に乗るっ	100,150,200							-1			
1ln	魂體之都	タマシイの都	100,200,300							-1			
1lo	哥現在很忙	ぐでぐでしてて忙しい	100,200,300							-1			
1lp	開眼蛋黃貓來襲！	開眼のぐでたまにゃんこ襲来！								-1			
1lq	城與龍 VS 城與龍	城ドラ VS 城ドラ	100,115,130							1			-1,-1,0,0,0,0,0,1
1lr	賤萌地激烈擺動白熊	キモ激しく動くクマ								-1			
1ls	飛踢王國的教導	ケットバス王国の教え	100,150,170,200							1			3,-1,6,0,0,0,0,0
1lt	虛假的見瀧原	偽りの見滝原			26qb					-1			-1,-1,0,0,0,0,0,2
1lu	女王失控	女王暴走	100,200,300							-1			
1lv	飛踢王國的教導	ヒカキン降臨								-1			
1lw	飛踢王國的教導	開眼のヒカキン襲来！								-1			
1lx	梅露可物語大反擊	逆襲のメルクストーリア	100,150,200,300							1			3,-1,6,0,0,0,0,0
1ly	神秘的梅露可物語	神秘のメルクストーリア	100,150,200,300							1			0,0,7,0,0,0,0,0|0,1,0,0,1,0,0,0|0,2,0,0,0,0,3000,0|1,0,7,0,0,0,0,0|1,1,0,0,1,0,0,0|1,2,0,0,0,0,3000,0|2,0,7,0,0,0,0,0|2,1,0,0,1,0,0,0|2,2,0,0,0,0,3000,0|3,0,7,10,0,0,0,0|3,1,0,10,1,0,0,0|3,2,0,10,0,0,3000,0
1lz	超激鬥！Saber Alter來襲！	超激闘！セイバーオルタ襲来！								-1			
1m0	活下去！曼波魚！	生きろ！マンボウ！	100,200,300,400							1			3,-1,6,0,0,0,0,0
1m1	3億條的夥伴都死掉了	３億匹の仲間はみな死んだ	100,200,300,300							1			3,-1,6,0,0,0,0,0
1m2	開眼三原慧悟來襲！	ver8.3.0追加ステージ								-1			
1m3	和麻吉貓一起寶島趴趴走！	ver8.4.0追加ステージ								-1			
1m4	聖魔大戰勃發！	聖魔大戦勃発！	100,200,300,300							1			3,-1,6,0,0,0,0,0
1m5	聖魔大戰巧克力	ビックリマンチョコ								1			
1m6	對決！魔幻原型	対決！魔幻モデル	100,150,200							1			
1m7	覺醒！大和爆神	覚醒！ヤマト爆神	100,150,200							1			
1m8	飛踢王國的教導	ゆる～い！ねこ娘襲来！	100,200,300							-1			
1m9	飛踢王國的教導	ゆる～いゲゲゲの鬼太郎	100,200,300							-1			
1ma	消滅都市～失落的世界～	消滅都市 ～ロストへ～	100,200,300							-1			
1mb	天上世界	天上の世界	100,200,300							-1			-1,0,0,0,1,0,0,0|-1,1,0,15,0,0,0,0|-1,2,13,0,0,0,0,0
1mc	激鬥！甜點大戰爭	激闘！スイーツ大戦争	100,150,200,100							1			3,-1,6,0,0,0,0,0
1md	開眼巧克力來襲！	激闘！スイーツ大戦争								-1			
1me	第13號機，來襲	第１３号機、襲来	100,200,300							-1			
1mf	高雄捷運 紅線	高雄MRT レッドライン	100,150,200							-1			
1mg	高雄捷運 橘線	高雄MRT オレンジライン	100,150,200							-1			
1mh	戽斗星球	シャクレルプラネット	100,150,200							-1			
1mi	シャクレルプラネット	ドットヒーローズ	100,150,200							-1			
1mj	快打旋風EASY	ストリートファイター EASY								-1			
1mk	快打旋風NORMAL	ストリートファイター NORMAL								-1			
1ml	快打旋風HARD	ストリートファイター HARD								-1			
1mm	New Challenger	New Challenger								-1			
1mn	New Challenger	New Challenger								-1			
1mo	New Challenger	New Challenger								-1			
1mp	New Challenger	New Challenger								-1			
1mq	New Challenger	New Challenger								-1			
1mr	New Challenger	New Challenger								-1			
1ms	New Challenger	New Challenger								-1			
1mt	New Challenger	New Challenger								-1			
1mu	New Challenger	New Challenger								-1			
1mv	New Challenger	New Challenger								-1			
1mw	New Challenger	New Challenger								-1			
1mx	New Challenger	New Challenger								-1			
1my	New Challenger	New Challenger								-1			
1mz	New Challenger	New Challenger								-1			
1n0	New Challenger	New Challenger		l	l					-1			
1n1	シャクレルプラネット	７周年★東京スカイツリー								-1			
1n2	初音未來	初音ミク	100,150,200							-1			
1n3	MIKU EXPO	MIKU EXPO	100,150,200							1			
1n4	MIKU CHERRY	MIKU CHERRY	100,150,200							-1			
1n5	歌后曼波魚崎A・Y・U 強襲！	ハマンボ崎あゆみ 強襲！								-1			
1n6	MIKU EXPO	MIKU EXPO	100,150,200							-1			
1n7	MIKU CHERRY	MIKU CHERRY	100,150,200							-1			
1n8	貓咪大怪盜	にゃんこ大泥棒								-1			
1n9	U.F.O.襲来！	U.F.O.襲来！	100,150,200							-1			
1na	初音未來的誕生日！	初音ミクの誕生日！								0			
1nb	快打旋風EASY	ストリートファイター EASY								1			
1nc	快打旋風NORMAL	ストリートファイター NORMAL								1			
1nd	快打旋風HARD	ストリートファイター HARD								1			
1ne	New Challenger	New Challenger								-1			
1nf	New Challenger	New Challenger								-1			
1ng	New Challenger	New Challenger								-1			
1nh	New Challenger	New Challenger								-1			
1ni	New Challenger	New Challenger								-1			
1nj	New Challenger	New Challenger								-1			
1nk	New Challenger	New Challenger								-1			
1nl	New Challenger	New Challenger								-1			
1nm	New Challenger	New Challenger								-1			
1nn	New Challenger	New Challenger								-1			
1no	New Challenger	New Challenger								-1			
1np	New Challenger	New Challenger								-1			
1nq	New Challenger	New Challenger								-1			
1nr	New Challenger	New Challenger								-1			
1ns	New Challenger	New Challenger								-1			
1nt	New Challenger	New Challenger								-1			
1nu	New Challenger	New Challenger								-1			
1nv	New Challenger	New Challenger								-1			
1nw	New Challenger	New Challenger								-1			
1nx	New Challenger	New Challenger								-1			
1ny	New Challenger	New Challenger								-1			
1nz	New Challenger	New Challenger								-1			
1o0	New Challenger	New Challenger								-1			
1o1	New Challenger	New Challenger								-1			
1o2	New Challenger	New Challenger		l	l					1			
1o3	SNOW MIKU	SNOW MIKU	100,150,200							1			
1o4	波亂！天道道場	波乱！天道道場	100,150,200,300							1			3,-1,6,0,0,0,0,0
1o5	傳說的咒泉鄉	伝説の呪泉郷	100,150,200,300							1			3,-1,6,0,0,0,0,0
1o6	消滅都市～失落的世界～	消滅都市 ～ロストへ～	100,200,300							1			
1o7	開眼的拓也與小雪	開眼のタクヤとユキ								-1			
1o8	失去世界	失われし世界	100,200,300							1			
1o9	魂體之都	タマシイの都	100,200,300,150							1			3,-1,6,0,0,0,0,0
1oa	天上世界	天上の世界	100,200,300							1			-1,0,0,0,1,0,0,0|-1,1,0,15,0,0,0,0|-1,2,13,0,0,0,0,0
1ob	決戰！巨大生物哥吉拉	決戦！巨大生物ゴジラ								-1			
1oc	哥吉拉對貓咪	ゴジラ対にゃんこ								-1			
1od	成為魔法少女吧！	魔法少女になってよ	100,200,300							-1			
1oe	續・成為魔法少女吧！	続・魔法少女になってよ	100,200,300							-1			
1of	魔女的結界～玫瑰園的魔女～	魔女の結界 ～薔薇園の魔女～	100,150,200							-1			
1og	魔女的結界～零食的魔女～	魔女の結界 ～お菓子の魔女～	100,150,200							-1			-1,-1,0,0,0,0,0,3
1oh	魔女的結界～箱的魔女～	魔女の結界 ～ハコの魔女～	100,150,200							-1			
1oi	胡桃鉗魔女	くるみ割りの魔女								-1			-1,-1,0,0,0,0,0,2
1oj		秋華賞（ＧⅠ）								-1			-1,-1,0,0,0,0,0,4
1ok		菊花賞（ＧⅠ）								-1			-1,-1,0,0,0,0,0,4
1ol		天皇賞（秋）（ＧⅠ）								-1			-1,-1,0,0,0,0,0,4
1om		有馬記念（ＧⅠ）								-1			-1,-1,0,0,0,0,0,4
1on	高雄捷運 紅線	高雄メトロ レッドライン	100,150,200							-1			
1oo	高雄輕軌	高雄ライトレール	100,150,200							-1			
1op	協賛BitSummit記念！	協賛BitSummit記念！								1			
1oq	對決！玉狛第2的隊長	対決！玉狛第２のリーダー	100,150,200,300							-1			3,-1,6,0,0,0,0,0
1or	對決！玉狛第2的王牌	対決！玉狛第２のエース	100,150,200,300							-1			3,-1,6,0,0,0,0,0
1os	VS訓練用莫爾默德	VS訓練用モールモッド								-1			-1,-1,0,0,0,0,0,7
1ot	New Challenger	New Challenger								-1			
1ou	New Challenger	New Challenger								-1			
1ov	New Challenger	New Challenger								-1			
1ow	New Challenger	New Challenger								-1			
1ox	快打旋風  VERY HARD	ストリートファイター VERY HARD		26tu	26tu					-1			
1oy	激鬥！Saber來襲！	激闘！セイバー襲来！	100,200,300,300							-1			3,-1,6,0,0,0,0,0
1oz	激鬥！Lancer來襲！	激闘！ランサー襲来！	100,200,300,300							-1			3,-1,6,0,0,0,0,0
1p0	激鬥！Archer來襲！	激闘！アーチャー襲来！	100,200,300,300							-1			3,-1,6,0,0,0,0,0
1p1	激鬥！Rider來襲！	激闘！ライダー襲来！	100,200,300,300							-1			3,-1,6,0,0,0,0,0
1p2	大激鬥！Gilgamesh來襲！	大激闘！ギルガメッシュ襲来！	100,200,250,250							-1			3,-1,6,0,0,0,0,0
1p3		救出！にゃんこ仮面ライダー	100,150,200							-1			
1p4		救出！ゴジラにゃんこ	100,150,200							-1			
1p5		救出！エヴァンゲリオンにゃんこ	100,150,200							-1			
1p6		救出！ウルトラマンにゃんこ	100,150,200							-1			
1p7		シン・にゃんこ・ヒーローズ			1					-1			-1,-1,0,0,0,0,0,8
1p8	開眼的紅髮小雪貓來襲！	開眼の赤髪のゆきにゃん襲来！								-1			
1p9	第9使徒，來襲	第９の使徒、襲来	100,200,300,300							-1			3,-1,6,0,0,0,0,0
1pa	第10使徒，來襲	第１０の使徒、襲来	100,200,300							-1			
1pb	EVA第13號機，來襲	エヴァ第１３号機、襲来	100,200,300							-1			
1pc	最終決戰　EVA第13號機	最終決戦　エヴァ第１３号機								-1			
1pd	再見了，所有的貓咪。	さらば、全てのにゃんこ。								-1			-1,-1,0,0,0,0,0,9
1pe	週末演唱會 第1天	週末ライブ DAY1								-1			
1pf	週末演唱會 第2天	週末ライブ DAY2			26v6					-1			
1pg										-1			
1ph					26v8					-1			
1pi	以諾時代		100,150,200							-1			
1pj	對決！瘋頭！		100,150,200							-1			
1pk	神劍闖江湖	るろうに剣心	100,150,200,200							-1			3,-1,6,0,0,0,0,0
1pl	劍心・緋村拔刀齋	剣心・緋村抜刀斎	100,150							-1			
1pm	從事打手的男人・相樂左之助	喧嘩の男・相楽左之助	100,150						6小時	-1			
1pn	顯露敵意的狼・齋藤一	牙を剥く狼・斎藤一		1	3					-1			
2bc	世界篇 第1章 不死生物來襲	日本編 第1章 ゾンビ											
2bd	世界篇 第2章 不死生物來襲	日本編 第2章 ゾンビ											
2be	世界篇 第3章 不死生物來襲	日本編 第3章 ゾンビ											
2bf	未来篇 第1章	未来編 第1章											
2bg	未来篇 第2章	未来編 第2章											
2bh	未来篇 第3章	未来編 第3章											
2bi	宇宙篇 第1章	宇宙編 第1章											0,1,61,0,0,0,0,0|0,2,61,0,0,0,0,0|0,3,0,0,0,300,0,0|0,4,0,0,0,300,0,0|0,5,0,20,0,0,0,0|0,6,0,20,0,0,0,0|0,7,0,0,1,0,0,0|0,8,0,0,1,0,0,0|0,10,51,0,0,0,0,0|0,11,51,0,0,0,0,0|0,12,51,0,0,0,0,0|0,13,0,0,0,0,4000,0|0,14,0,0,0,0,4000,0|0,15,0,0,0,0,4000,0|0,16,0,20,0,0,0,0|0,17,0,20,0,0,0,0|0,18,0,20,0,0,0,0|0,19,0,0,1,0,0,0|0,20,0,0,1,0,0,0|0,21,0,0,1,0,0,0|0,23,14,0,0,0,0,0|0,24,14,0,0,0,0,0|0,25,14,0,0,0,0,0|0,26,0,0,0,0,1200,0|0,27,0,0,0,0,1200,0|0,28,0,0,0,0,1200,0|0,29,0,15,0,0,0,0|0,30,0,15,0,0,0,0|0,31,0,15,0,0,0,0|0,32,0,0,1,0,0,0|0,33,0,0,1,0,0,0|0,35,2,0,0,0,0,0|0,36,2,0,0,0,0,0|0,37,2,0,0,0,0,0|0,38,0,0,0,1200,0,0|0,39,0,0,0,1200,0,0|0,40,0,0,0,1200,0,0|0,41,0,10,0,0,0,0|0,42,0,10,0,0,0,0|0,43,0,10,0,0,0,0|0,44,0,0,1,0,0,0|0,45,0,0,1,0,0,0|0,46,54,10,0,0,0,0
2bj	宇宙篇 第2章	宇宙編 第2章											0,1,61,0,0,0,0,0|0,2,61,0,0,0,0,0|0,3,0,0,0,300,0,0|0,4,0,0,0,300,0,0|0,5,0,20,0,0,0,0|0,6,0,20,0,0,0,0|0,7,0,0,1,0,0,0|0,8,0,0,1,0,0,0|0,10,51,0,0,0,0,0|0,11,51,0,0,0,0,0|0,12,51,0,0,0,0,0|0,13,0,0,0,0,4000,0|0,14,0,0,0,0,4000,0|0,15,0,0,0,0,4000,0|0,16,0,20,0,0,0,0|0,17,0,20,0,0,0,0|0,18,0,20,0,0,0,0|0,19,0,0,1,0,0,0|0,20,0,0,1,0,0,0|0,21,0,0,1,0,0,0|0,23,14,0,0,0,0,0|0,24,14,0,0,0,0,0|0,25,14,0,0,0,0,0|0,26,0,0,0,0,1200,0|0,27,0,0,0,0,1200,0|0,28,0,0,0,0,1200,0|0,29,0,15,0,0,0,0|0,30,0,15,0,0,0,0|0,31,0,15,0,0,0,0|0,32,0,0,1,0,0,0|0,33,0,0,1,0,0,0|0,35,2,0,0,0,0,0|0,36,2,0,0,0,0,0|0,37,2,0,0,0,0,0|0,38,0,0,0,1200,0,0|0,39,0,0,0,1200,0,0|0,40,0,0,0,1200,0,0|0,41,0,10,0,0,0,0|0,42,0,10,0,0,0,0|0,43,0,10,0,0,0,0|0,44,0,0,1,0,0,0|0,45,0,0,1,0,0,0|0,46,54,10,0,0,0,0
2bk	宇宙篇 第3章	宇宙編 第3章											0,1,61,0,0,0,0,0|0,2,61,0,0,0,0,0|0,3,0,0,0,300,0,0|0,4,0,0,0,300,0,0|0,5,0,20,0,0,0,0|0,6,0,20,0,0,0,0|0,7,0,0,1,0,0,0|0,8,0,0,1,0,0,0|0,10,51,0,0,0,0,0|0,11,51,0,0,0,0,0|0,12,51,0,0,0,0,0|0,13,0,0,0,0,4000,0|0,14,0,0,0,0,4000,0|0,15,0,0,0,0,4000,0|0,16,0,20,0,0,0,0|0,17,0,20,0,0,0,0|0,18,0,20,0,0,0,0|0,19,0,0,1,0,0,0|0,20,0,0,1,0,0,0|0,21,0,0,1,0,0,0|0,23,14,0,0,0,0,0|0,24,14,0,0,0,0,0|0,25,14,0,0,0,0,0|0,26,0,0,0,0,1200,0|0,27,0,0,0,0,1200,0|0,28,0,0,0,0,1200,0|0,29,0,15,0,0,0,0|0,30,0,15,0,0,0,0|0,31,0,15,0,0,0,0|0,32,0,0,1,0,0,0|0,33,0,0,1,0,0,0|0,35,2,0,0,0,0,0|0,36,2,0,0,0,0,0|0,37,2,0,0,0,0,0|0,38,0,0,0,1200,0,0|0,39,0,0,0,1200,0,0|0,40,0,0,0,1200,0,0|0,41,0,10,0,0,0,0|0,42,0,10,0,0,0,0|0,43,0,10,0,0,0,0|0,44,0,0,1,0,0,0|0,45,0,0,1,0,0,0|0,46,54,10,0,0,0,0
2bl	世界篇	日本編	100,150,400										
2bm	未来篇 第1章 不死生物來襲	未来編 第1章 ゾンビ											
2bn	議事阻撓	フィリバスター襲来											
2bo	未来篇 第2章 不死生物來襲	未来編 第2章 ゾンビ											
2bp	未来篇 第3章 不死生物來襲	未来編 第3章 ゾンビ											
2bq	魔界篇	魔界編		2650	2650								
2br	宇宙篇 第1章 不死生物來襲	宇宙編 第1章 ゾンビ											0,0,0,10,0,0,0,0|0,1,0,10,0,0,0,0|0,2,0,10,0,0,0,0|0,3,0,10,0,0,0,0|0,4,0,15,0,0,0,0|0,5,0,15,0,0,0,0|0,6,0,15,0,0,0,0|0,7,0,15,0,0,0,0|0,8,0,5,0,0,0,0|0,9,0,10,0,0,0,0|0,10,0,10,0,0,0,0|0,11,0,15,0,0,0,0|0,12,0,15,0,0,0,0|0,13,0,15,0,0,0,0|0,14,0,15,0,0,0,0|0,15,0,5,0,0,0,0|0,16,0,10,0,0,0,0|0,17,0,10,0,0,0,0|0,18,0,10,0,0,0,0|0,19,0,15,0,0,0,0|0,20,0,15,0,0,0,0|0,21,0,15,0,0,0,0|0,22,0,10,0,0,0,0|0,23,0,10,0,0,0,0|0,24,0,10,0,0,0,0|0,25,0,10,0,0,0,0|0,26,0,15,0,0,0,0|0,27,0,15,0,0,0,0|0,28,0,15,0,0,0,0|0,29,0,10,0,0,0,0|0,30,0,10,0,0,0,0|0,31,0,10,0,0,0,0|0,32,0,10,0,0,0,0|0,33,0,15,0,0,0,0|0,34,0,15,0,0,0,0|0,35,0,15,0,0,0,0|0,36,0,5,0,0,0,0|0,37,0,10,0,0,0,0|0,38,0,10,0,0,0,0|0,39,0,10,0,0,0,0|0,40,0,15,0,0,0,0|0,41,0,10,0,0,0,0|0,42,0,10,0,0,0,0|0,43,0,10,0,0,0,0|0,44,0,10,0,0,0,0|0,45,0,15,0,0,0,0|0,46,0,10,0,0,0,0|0,47,0,10,0,0,0,0
2bs	宇宙篇 第2章 不死生物來襲	宇宙編 第2章 ゾンビ											
334	進化的綠色貓薄荷	進化の緑マタタビ								-1			
335	進化的紫色貓薄荷	進化の紫マタタビ								-1			
336	進化的紅色貓薄荷	進化の赤マタタビ								-1			
337	進化的藍色貓薄荷	進化の青マタタビ								-1			
338	進化的黃色貓薄荷	進化の黄マタタビ								-1			
339	禍不單行	弱り目に祟り目								-1			
33a	神判日	神判の日								-1			
33b	超尖端科技	オーバーテクノロジー								-1			
33c	貓薄荷挑戰	マタタビチャレンジ								-1			
33d	貓薄荷挑戰	マタタビチャレンジ								-1			
33e	貓薄荷挑戰	マタタビチャレンジ								-1			
33f	貓薄荷挑戰	マタタビチャレンジ								-1			
33g	貓薄荷挑戰	マタタビチャレンジ								-1			
33h	貓薄荷挑戰	マタタビチャレンジ								-1			
33i	貓薄荷挑戰	マタタビチャレンジ								-1			
33j	貓薄荷挑戰	マタタビチャレンジ								-1			
33k	貓薄荷挑戰	マタタビチャレンジ								-1			
33l	貓薄荷挑戰	マタタビチャレンジ								-1			
33m	貓薄荷挑戰	マタタビチャレンジ								-1			
33n	貓薄荷挑戰	マタタビチャレンジ								-1			
33o	貓薄荷挑戰	マタタビチャレンジ								-1			
33p	狂亂萌貓降臨	狂乱のもねこ降臨								-1			
33q	進化的古代貓薄荷	進化の古代マタタビ								-1			
33r		協賛BitSummit記念！								-1			
33s		協賛BitSummit記念！								-1			
33t	進化的彩虹貓薄荷	進化の虹マタタビ								-1			
33u	古代研究所	古代研究所				19,0,0,b,0,b,b,0,m	0.75,1,1.25,1.25			-1			0,-1,6,0,0,0,0,0
33v	終末連戰場	終末ノ連戦場								-1			
33w	終末連戰場	終末ノ連戦場								-1			
33x	終末連戰場	終末ノ連戦場								-1			
33y	終末連戰場	終末ノ連戦場								-1			
33z	終末連戰場	終末ノ連戦場								-1			
340	終末連戰場	終末ノ連戦場								-1			
341	終末連戰場	終末ノ連戦場								-1			
342	終末連戰場	終末ノ連戦場								-1			
343	終末連戰場	終末ノ連戦場								-1			
344	終末連戰場	終末ノ連戦場								-1			
345	終末連戰場	終末ノ連戦場								-1			
346	終末連戰場	終末ノ連戦場								-1			
347	天使與般若	天使と般若								-1			
348	女帝與亡者	女帝と亡者								-1			
349	伯爵與乙女	伯爵と乙女								-1			
34a	魔界篇	魔界編								-1			
34b	巨大生物強襲	ヒュージゴマ強襲 !								-1			
34c	巨象黑藏強襲	ジャイアント黒蔵強襲								-1			
34d	巨蛾蛾蛾強襲	ギガガガ強襲								-1			
34e	巨大河馬星人強襲	デッカーバチャン強襲								-1			
34f		Q5.時の運クイズ								-1			
34g		Q5.時の運クイズ								-1			
34h	特大號大天使強襲	大天使エクスエル強襲								-1			
34i	巨大企鵝大哥Z強襲	ビッグペンZ強襲								-1			
34j	Season3～校外教學～	Season3～修学旅行～								-1			
34k	亡者與河豚	亡者と河豚								-1			
34l	女帝與少女	女帝と乙女								-1			
34m	伯爵與天使	伯爵と天使								-1			
34n	狂亂萌貓降臨	狂乱のもねこ降臨								-1			
34o	#02「13號星期？」	#02「13日は何曜日」								-1			
34p	紅包來襲！	お年玉襲来！								-1			
34q										-1			
34r	巨大三惡魔強襲	オーメンズ強襲								-1			
34s	獵人的地圖Ⅳ	狩人の地図Ⅳ								-1			
34t										-1			
34u										-1			
34v										-1			
34w										-1			
34x										-1			
34y										-1			
34z										-1			
3uw	初學者之館	初心の間											
3ux		ニコニコの間											
4mo	風雲貓咪塔	風雲にゃんこ塔								1			
4mp	喵別塔【紅】	にゃんこ別塔【赤】								1			
4mq	喵別塔【黑】	にゃんこ別塔【黒】								1			
4mr	喵別塔【天】	にゃんこ別塔【天】								1			
4ms	喵別塔【異】	にゃんこ別塔【蒼】								1			
4mt	喵別塔【死】	にゃんこ別塔【屍】								1			
4mu	異界貓咪塔	異界にゃんこ塔		1x	1x					1			
4mv	喵別塔【無】	にゃんこ別塔【無】								1			
4mw	喵別塔【惡】	にゃんこ別塔【悪】		3	3					1			
4mx	喵別塔【古】	にゃんこ別塔【古】		k	k					1			
5eg	排行賽會場	ランキングの間											
5eh	排行賽會場	ランキングの間											
5ei	排行賽會場	ランキングの間											
5ej	排行賽會場	ランキングの間											
5ek	排行賽會場	ランキングの間											
5el		ランキングの間											
5em	排行賽會場	ランキングの間											
5en	排行賽會場	ランキングの間											
5eo		ランキングの間											
5ep	排行賽會場	ランキングの間											
5eq	排行賽會場												
5er	排行賽會場	ランキングの間		1	3								
5es	排行賽會場	ランキングの間		1	3								
5et	排行賽會場	ランキングの間		1	3								
5eu	排行賽會場	ランキングの間											
5ev	排行賽會場	ランキングの間											
5ew	排行賽會場	ランキングの間											
5ex	超‧排行賽會場	ランキングの間		1	6								
5ey	排行賽會場	ランキングの間											
5ez	排行賽會場	ランキングの間											
5f0	排行賽會場【外傳】	ランキングの間											0,-1,9,0,0,0,0,0
5f1	排行賽會場【外傳】	ランキングの間											0,-1,6,0,0,0,0,0
5f2	排行賽會場【外傳】	ランキングの間											0,-1,0,0,0,0,2500,0
5f3		ランキングの間											0,-1,0,9,0,0,0,0
5f4		ランキングの間											0,-1,0,5,0,0,0,0
5f5		排行賽會場（11又1/2周年紀念大會）											
5f6		超排行賽會場（小心射程大會）											
5f7		排行賽會場（明治劍客浪漫大會）											
5f8		超排行賽會場（小心波動大會）											
668	挑戰賽	チャレンジバトル		1	1					-1			
6y0	真・傳說的開始	真・伝説のはじまり	100,150,200,100			x,8,8,8,8,8,8,8,8	0.75,1,1.25,1.25			-1			3,-1,6,0,0,0,0,0
6y1	滿腹秘境	まんぷく秘境	100,150,200,100			x,a,0,a,5,0,e,5,o	0.75,1,1.25,1.25			-1			3,-1,6,0,0,0,0,0
6y2	冒險大森林	アドベン大森林	100,150,200,100			x,f,0,4,4,4,f,f,b	0.75,1,1.25,1.25			-1			3,-1,6,0,0,0,0,0
6y3	啪唰舊海道	じゃぶじゃぶ旧海道	100,150,200,100			x,9,0,3,3,f,6,c,k	0.75,1,1.25,1.25			-1			3,-1,6,0,0,0,0,0
6y4	旺旺灣	ワンワン湾	100,150,200,100			x,c,3,9,9,3,c,3,f	0.75,1,1.25,1.25			-1			3,-1,6,0,0,0,0,0
6y5	深淵窺視者	深淵を覗く者	100,150,200,100			x,a,0,a,3,7,3,7,r	0.75,1,1.25,1.25			-1			3,-1,6,0,0,0,0,0
6y6	異界城市	デスメガシティ	100,150,200,100			x,9,5,5,5,0,g,c,g	0.75,1,1.25,1.25			-1			3,-1,6,0,0,0,0,0
6y7	無法地帶的戒律	無法地帯のオキテ	100,150,200,100			x,8,4,d,0,4,4,p,8	0.75,1,1.25,1.25			-1			3,-1,6,0,0,0,0,0
6y8	唏哩嘩啦半島	パラリラ半島	100,150,200,100			x,9,0,6,6,h,9,c,9	0.75,1,1.25,1.25			-1			3,-1,6,0,0,0,0,0
6y9	貓咪們的政變	キャットクーデター	100,150,200,100			x,7,7,7,7,3,a,a,h	0.75,1,1.25,1.25			-1			3,-1,6,0,0,0,0,0
6ya	櫻桃島	桜んぼ島	100,140,180,100			x,i,a,8,3,5,d,3,8	0.75,1,1.25,1.25			-1			3,-1,6,0,0,0,0,0
6yb	打從魂魄的歸化	魂底からの帰化	100,140,180,100			x,6,a,6,6,3,g,6,d	0.75,1,1.25,1.25			-1			3,-1,6,0,0,0,0,0
6yc	絕滅海洋城	絶滅海洋タウン	100,140,180,100			x,7,9,7,0,4,i,d,9	0.75,1,1.25,1.25			-1			3,-1,6,0,0,0,0,0
6yd	流放渡假村	島流しリゾート	100,140,180,100			x,7,4,b,b,4,i,b,4	0.75,1,1.25,1.25			-1			3,-1,6,0,0,0,0,0
6ye	困惑的魔道路	まどいの魔道路	100,140,180,100			x,2,i,4,6,6,i,8,4	0.75,1,1.25,1.25			-1			3,-1,6,0,0,0,0,0
6yf	天界酒吧坊	天界バル横丁	100,140,180,100			x,j,5,5,0,0,o,a,5	0.75,1,1.25,1.25			-1			3,-1,6,0,0,0,0,0
6yg	澡堂大戰鬥	バトル銭湯	100,140,180,100			x,5,3,a,0,d,a,f,a	0.75,1,1.25,1.25			-1			3,-1,6,0,0,0,0,0
6yh	道地三連山	はえぬき三連山	100,140,180,100			x,i,4,9,0,0,9,i,9	0.75,1,1.25,1.25			-1			3,-1,6,0,0,0,0,0
6yi	海洋官邸	マリン官邸	100,140,180,100			x,7,g,7,9,7,d,4,4	0.75,1,1.25,1.25			-1			3,-1,6,0,0,0,0,0
6yj	寄生校園的惡意	学園に巣くう悪意	100,140,180,100			x,7,d,a,0,3,h,0,h	0.75,1,1.25,1.25			-1			3,-1,6,0,0,0,0,0
6yk	粉粿金礦	ところてん金鉱	100,140,180,100			x,7,3,3,a,7,a,n,3	0.75,1,1.25,1.25			-1			3,-1,6,0,0,0,0,0
6yl	酩酊煉鐵廠	酩酊製鉄所	100,130,170,100			x,4,b,4,4,4,7,0,z	0.75,1,1.25,1.25			-1			3,-1,6,0,0,0,0,0
6ym	被揭露的神殿之秘寶	暴かれし神殿の秘宝	100,130,170,100			x,4,d,4,4,4,h,0,l	0.75,1,1.25,1.25			-1			3,-1,6,0,0,0,0,0
6yn	帝國動亂	帝政エイジャナイカ	100,130,170,100			x,4,c,9,0,9,g,e,4	0.75,1,1.25,1.25			-1			3,-1,6,0,0,0,0,0
6yo	鋼鐵健身中心	鋼鉄スポーツジム	100,130,170,100			x,g,3,d,3,6,g,3,6	0.75,1,1.25,1.25			-1			3,-1,6,0,0,0,0,0
6yp	明星諸島	明星おきの島	100,130,170,100			x,6,6,j,d,6,3,3,a	0.75,1,1.25,1.25			-1			3,-1,6,0,0,0,0,0
6yq	沉睡森林的故事	眠れる森の何か	100,130,170,100			x,9,f,3,0,6,f,0,i	0.75,1,1.25,1.25			-1			3,-1,6,0,0,0,0,0
6yr	實驗島	ラボラ・トリ島	100,130,170,100			x,c,5,4,5,7,n,9,2	0.75,1,1.25,1.25			-1			3,-1,6,0,0,0,0,0
6ys	被遺忘的墳場	忘らるる墓所	100,130,170,100			x,7,4,4,0,2,2,p,m	0.75,1,1.25,1.25			-1			3,-1,6,0,0,0,0,0
6yt	宣告開始的早晨	始まりを告げる朝	100,130,170,100			x,5,3,3,b,3,g,j,8	0.75,1,1.25,1.25			-1			3,-1,6,0,0,0,0,0
6yu	幸運快樂寺院	ハッピーラッキー寺院	100,130,170,100			x,2,9,0,2,b,t,b,2	0.75,1,1.25,1.25			-1			3,-1,6,0,0,0,0,0
6yv	怪館戲院	キネマ怪館	100,130,170,100			x,e,c,a,0,c,2,e,2	0.75,1,1.25,1.25			-1			3,-1,6,0,0,0,0,0
6yw	多樣性都市	ダイバー都市	100,130,170,100			x,7,0,7,p,c,0,f,0	0.75,1,1.25,1.25			-1			3,-1,6,0,0,0,0,0
6yx	東南亞・巡禮	ナシゴ・レン	100,130,170,100			x,4,i,9,0,4,4,4,m	0.75,1,1.25,1.25			-1			3,-1,6,0,0,0,0,0
6yy	DNA果樹園	DNA果樹園	100,130,170,100			x,9,0,6,3,f,f,i,0	0.75,1,1.25,1.25			-1			3,-1,6,0,0,0,0,0
6yz	古代樹迷宮	古代樹の迷宮	100,130,170,100			x,h,5,e,a,2,5,a,5	0.75,1,1.25,1.25			-1			3,-1,6,0,0,0,0,0
6z0	阻擋者們的城堡	立ちはだかる者達の城	100,130,160,100			x,8,8,6,3,h,8,8,8	0.75,1,1.25,1.25			-1			3,-1,6,0,0,0,0,0
6z1	時空的彎曲	時空のゆがみ	100,130,150,100			x,d,d,g,2,7,0,g,0	0.75,1,1.25,1.25			-1			3,-1,6,0,0,0,0,0
6z2	大災難的開始	大厄災のはじまり	100,130,150,100		1w	x,8,8,8,8,8,8,8,8	0.75,1,1.25,1.25			-1			3,-1,6,0,0,0,0,0
6z3	魔海域大港	魔海域ビックラ港	100,130,150,100			x,e,b,4,0,7,7,b,e	0.75,1,1.25,1.25			-1			3,-1,6,0,0,0,0,0
6z4	霹靂沸騰園	デッドヒートランド	100,130,150,100			x,l,0,a,0,f,5,f,0	0.75,1,1.25,1.25			-1			3,-1,6,0,0,0,0,0
6z5	愛情死巷子	バラ色の袋小路	100,130,150,100			x,5,a,5,8,a,f,8,5	0.75,1,1.25,1.25			-1			3,-1,6,0,0,0,0,0
6z6	千年獸的靈峰	千年獣の霊峰	100,130,150,100			x,7,7,5,7,5,a,a,f	0.75,1,1.25,1.25			-1			3,-1,6,0,0,0,0,0
6z7	月光自由沙灘	ムーディストビーチ	100,120,140,100			x,4,l,6,2,2,f,a,6	0.75,1,1.25,1.25			-1			3,-1,6,0,0,0,0,0
6z8	追逐貓咪的故鄉	猫追いしふるさと	100,120,140,100			x,3,f,3,0,0,3,0,18	0.75,1,1.25,1.25			-1			3,-1,6,0,0,0,0,0
6z9	海賊王商店街	海賊王商店街	100,120,140,100			x,5,b,3,0,3,8,8,t	0.75,1,1.25,1.25			-1			3,-1,6,0,0,0,0,0
6za	虛虛實實的道路	真なる虚実を紡ぐ道	100,120,140,100			x,5,b,3,3,3,a,3,t	0.75,1,1.25,1.25			-1			3,-1,6,0,0,0,0,0
6zb	人類貓咪化計劃	人類ネコ化計画	100,110,120			x,6,6,a,4,4,0,2,z	0.75,1,1.25,1.25			-1			
6zc	古代神木	古代神樹	100,110,120			x,0,0,0,0,0,0,0,1v	0.75,1,1.25,1.25			-1			
7ps	進化的黃色貓薄荷	進化の黄マタタビ		1	3					2			
7pt	進化的藍色貓薄荷	進化の青マタタビ		1	3					2			
7pu	進化的紅色貓薄荷	進化の赤マタタビ		1	3					2			
7pv	進化的紫色貓薄荷	進化の紫マタタビ		1	3					2			
7pw	進化的綠色貓薄荷	進化の緑マタタビ		1	3					2			
7px	逆襲的臉君	逆襲のカオル君		1	4					2			
7py	逆襲的河馬將	逆襲のカバちゃん		1	1					2			
7pz	貓咪券★機會！	にゃんチケ★チャンス！		1	1					2			
7q0	超終極游擊經驗值喵！	超極ゲリラ経験値にゃ！		6						2			
7q1	終極游擊經驗值喵！	極ゲリラ経験値にゃ！		3	4					2			
7q2	超級游擊經驗值喵！	超ゲリラ経験値にゃ！		1	3					2			
7q3	游擊戰經驗值喵！	ゲリラ経験値にゃ！		1	1					2			
7q4	斷罪天使海蝶降臨	断罪天使クオリネル降臨		16	16					2			
7q5	地獄門	地獄門		17	17					2			
7q6	女帝飛來	女帝飛来		18	18					2			
7q7	亡者肥普降臨	亡者デブウ降臨		19	19					2			
7q8	吉娃娃伯爵降臨	チワワン伯爵降臨		1a	1a					2			0,-1,49,0,0,0,0,0
7q9	春宵苦短，少女做夢吧！	夜は短し夢みよ乙女		1b	1b					2			
7qa	紅色突變	紅のカタストロフ		1c	1c					2			
7qb	黑暗天堂	ダークネスヘブン		1d	1d					2			
7qc	國士無雙	国士無双		1e	1e					2			
7qd	天譴	天罰		1f	1f					2			
7qe	鐵子的部屋	鉄子の部屋		1g	1g					2			
7qf	絕望異次元	絶望異次元		1h	1h					2			
7qg	狂亂貓降臨	狂乱のネコ降臨		1i	1i					2			
7qh	狂亂坦克貓降臨	狂乱のタンク降臨		1j	1j					2			
7qi	狂亂戰鬥貓降臨	狂乱のバトル降臨		1k	1k					2			
7qj	狂亂噁心貓降臨	狂乱のキモネコ降臨		1l	1l					2			
7qk	狂亂牛貓降臨	狂乱のウシ降臨		1m	1m					2			
7ql	狂亂鳥貓降臨	狂乱のトリ降臨		1n	1n					2			
7qm	狂亂魚貓降臨	狂乱のフィッシュ降臨		1o	1o					2			
7qn	狂亂蜥蜴貓降臨	狂乱のトカゲ降臨		1p	1p					2			
7qo	狂亂巨神貓降臨	狂乱の巨神降臨		1q	1q					2			
7qp	藍色衝擊	ブルーインパクト		22	22					2			
7qq	狂亂萌貓降臨	狂乱のもねこ降臨		23	23					2			
7qr	緊急暴風警報	緊急爆風警報		24	24					2			
7qs	滾死樂團	ローリングデッド		25	25					2			
7qt	零號颱風	台風零号		26	26					2			
7qu	大魔王	メガサターン		27	27					2			
7qv	暗沼幽靈	ほの暗い沼の底から		28	28					2			
7qw	大狂亂貓咪降臨	大狂乱のネコ降臨		29	29					2			
7qx	大狂亂坦克貓降臨	大狂乱のタンク降臨		2a	2a					2			
7qy	大狂亂戰鬥貓降臨	大狂乱のバトル降臨		2b	2b					2			
7qz	大狂亂噁心貓降臨	大狂乱のキモネコ降臨		2c	2c					2			
7r0	大狂亂牛貓降臨	大狂乱のウシ降臨		2d	2d					2			
7r1	大狂亂鳥貓降臨	大狂乱のトリ降臨		2e	2e					2			
7r2	大狂亂魚貓降臨	大狂乱のフィッシュ降臨		2f	2f					2			
7r3	大狂亂蜥蜴貓降臨	大狂乱のトカゲ降臨		2g	2g					2			
7r4	大狂亂巨神貓降臨	大狂乱の巨神降臨		2h	2h					2			
7r5	絕望新次元	絶望新次元		2i	2i					2			
7r6	超終極惡游擊經驗值喵！	超極悪ゲリラ経験値にゃ！		2650	2650					2			
7r7	進化的惡貓薄荷	進化の悪マタタビ		2650	2650			2		2			
8hk	巨大生物強襲！	ヒュージゴマ強襲 !		1	1				30分鐘	1			
8hl	巨大生物強襲！！	ヒュージゴマ強襲 !!		1	4				30分鐘	1			
8hm	巨大生物強襲！！！	ヒュージゴマ強襲 !!!		4	7				30分鐘	1			
8hn	巨象黑藏強襲!	ジャイアント黒蔵強襲 !		1	1				30分鐘	1			
8ho	巨象黑藏強襲!!	ジャイアント黒蔵強襲 !!		1	4				30分鐘	1			
8hp	巨象黑藏強襲!!!	ジャイアント黒蔵強襲 !!!		4	7				30分鐘	1			
8hq	巨蛾蛾蛾強襲 !	ギガガガ強襲 !		1	1				30分鐘	1			
8hr	巨蛾蛾蛾強襲 !!	ギガガガ強襲 !!		1	4				30分鐘	1			
8hs	巨蛾蛾蛾強襲 !!!	ギガガガ強襲 !!!		4	7				30分鐘	1			
8ht	巨大河馬星人強襲 !	デッカーバチャン強襲 !		1	1				30分鐘	1			
8hu	巨大河馬星人強襲 !!	デッカーバチャン強襲 !!		1	4				30分鐘	1			
8hv	巨大河馬星人強襲 !!!	デッカーバチャン強襲 !!!		4	7				30分鐘	1			
8hw	今年也請多指教強襲！	ことよろにゃ強襲！(ΦωΦ)							30分鐘	1			
8hx	情人節強襲！	バレンタイン強襲！		1	1				30分鐘	1			
8hy	復活節強襲！	イースター強襲！		1	1				30分鐘	1			
8hz	6月強襲！	6月強襲！		1	25ye				30分鐘	1			0,-1,0,10,0,0,0,0
8i0	續・6月強襲！	続・6月強襲！		25ye	2625				30分鐘	1			0,-1,0,10,0,0,0,0
8i1	7月強襲！	7月強襲！		1	25yf				30分鐘	1			0,-1,0,10,0,0,0,0
8i2	續・7月強襲！	続・7月強襲！		25yf	2626				30分鐘	1			0,-1,0,10,0,0,0,0
8i3	貓咪的暑假	ねこのなつやすみ							30分鐘	1			
8i4	巨大生物強襲	ヒュージゴマ強襲 !		3	6				30分鐘	1			
8i5	8月強襲！	8月強襲！		1	25yg				30分鐘	1			0,-1,0,10,0,0,0,0
8i6	續・8月強襲！	続・8月強襲！		25yg	2627				30分鐘	1			0,-1,0,10,0,0,0,0
8i7	9月強襲！	9月強襲！		1	25yk				30分鐘	1			0,-1,0,10,0,0,0,0
8i8	續・9月強襲！	続・9月強襲！		25yk	2628				30分鐘	1			0,-1,0,10,0,0,0,0
8i9	10月強襲！	10月強襲！		1	25ym				30分鐘	1			0,-1,0,10,0,0,0,0
8ia	續・10月強襲！	続・10月強襲！		25ym	262a				30分鐘	1			0,-1,0,10,0,0,0,0
8ib	巨象黑藏強襲	ジャイアント黑藏強襲！		3	6				30分鐘	1			
8ic	11月強襲！	11月強襲！		1	25xt				30分鐘	1			0,-1,0,10,0,0,0,0
8id	續・11月強襲！	続・11月強襲！		25xt	262b				30分鐘	1			0,-1,0,10,0,0,0,0
8ie	12月強襲！	12月強襲！		1	25xu				30分鐘	1			0,-1,0,10,0,0,0,0
8if	續・12月強襲！	続・12月強襲！		25xu	262f				30分鐘	1			0,-1,0,10,0,0,0,0
8ig	1月強襲！	1月強襲！		1	25xv				30分鐘	1			0,-1,0,10,0,0,0,0
8ih	續・1月強襲！	続・1月強襲！		25xv	262o				30分鐘	1			0,-1,0,10,0,0,0,0
8ii	巨蛾蛾蛾強襲	ギガガガ強襲		3	6				30分鐘	1			
8ij	巨大河馬星人強襲	デッカーバチャン強襲		3	6				30分鐘	1			
8ik	今年也請多指教強襲！	ことよろにゃ強襲！(ΦωΦ)							30分鐘	1			
8il	特大號大天使強襲	大天使エクスエル強襲		3	6				30分鐘	1			
8im	巨大企鵝大哥Z強襲	ビッグペンZ強襲		3	6				30分鐘	1			
8in	2月強襲！	2月強襲！		1	25xw				30分鐘	1			0,-1,0,10,0,0,0,0
8io	續・2月強襲！	続・2月強襲！		25xw	262q				30分鐘	1			0,-1,0,10,0,0,0,0
8ip	貓咪歡慶佳節～過年篇～	お祭りにゃんこ ～春節編～							30分鐘	1			
8iq	貓咪們的逆襲	ネコたちの逆襲								-1			
8ir	3月強襲！	3月強襲！		1	25xx				30分鐘	1			0,-1,0,10,0,0,0,0
8is	續・3月強襲！	続・3月強襲！		25xx	262w				30分鐘	1			0,-1,0,10,0,0,0,0
8it	強襲！人情巧克力軍團	強襲！義理チョコ軍団		1	1				30分鐘	1			
8iu	4月強襲！	4月強襲！		1	25ya				30分鐘	1			0,-1,0,10,0,0,0,0
8iv	續・4月強襲！	続・4月強襲！		25ya	262y				30分鐘	1			0,-1,0,10,0,0,0,0
8iw	Season1～學園生活～	Season1 ～学園生活～							30分鐘	1			
8ix	月間活動全明星 眾星雲集大感謝祭！	月イベントオールスターズ スター大集合大感謝祭！							30分鐘	1			
8iy	5月強襲！	5月強襲！		1	25yd				30分鐘	1			0,-1,0,10,0,0,0,0
8iz	續・5月強襲！	続・5月強襲！		25yd	2631				30分鐘	1			0,-1,0,10,0,0,0,0
8j0	#01「惡魔婚宴會場」	#01「悪霊の式場」							30分鐘	1			
8j1	決鬥大挑戰	決闘チャレンジ								1			0,-1,0,1,0,0,0,0
8j2	雙人鬪技大挑戰	タッグ闘技チャレンジ								1			0,-1,0,2,0,0,0,0
8j3	秘寶沉眠之孤島	秘宝の眠る孤島		6	6					-1			
8j4	#02 萬聖節百鬼夜行	#02 ハロウィン百鬼夜行							30分鐘	1			
8j5		第1部 10年の軌跡パレード							30分鐘	-1			
8j6	第二晚 平安夜裡送禮物	第二夜 聖夜のプレゼント配達		1					30分鐘	1			
8j7	今年也請多指教強襲！	ことよろにゃ強襲！(ΦωΦ)							30分鐘	1			
8j8	坦克貓們的逆襲	タンクネコたちの逆襲								-1			
8j9	巨大三惡魔強襲	オーメンズ強襲		3	6				30分鐘	1			
8ja		第1章 ネコたちの冒険							30分鐘	1			
8jb	今年也請多指教強襲！	ことよろにゃ強襲！(ΦωΦ)							30分鐘	1			
8jc	貓咪們的大逆襲	ネコたちの大逆襲							30分鐘	1			
8jd	大型陶器埴輪巨犬強襲	大型土器ダイハニワン強襲		3	6				30分鐘	1			
8je		わんわん王国の異変							30分鐘	1			
8jf		ねこのなつやすみ サバイバル							30分鐘	1			
99c	道具古戰場	アテイム古戦場								-1			
99d	維他命溪谷	ビタミン渓谷								-1			
99e	貓咪券★獵人	にゃんチケ★ハンター								-1			
99f	精神與時間的小屋	精神と時間の小屋								-1			
99g	精神與時間的洞窟	精神と時間の洞窟								-1			
99h	精神與時間的迷宮	精神と時間の迷宮								-1			
99i	貓眼洞窟	ねこの目洞窟								-1			
99j	維他命火山	ビタミン火山								-1			
99k	貓咪券★獵人G	にゃんチケ★ハンターG								-1			
99l	紅色本能的起源	紅き本能の起源								-1			
99m	紅色本能的頂點	紅き本能の頂								-1			
99n	紅色本能的秘境	紅き本能の秘境								-1			
99o	飄浮本能的起源	浮ける本能の起源								-1			
99p	飄浮本能的頂點	浮ける本能の頂								-1			
99q	飄浮本能的秘境	浮ける本能の秘境								-1			
99r	黑色本能的起源	黒き本能の起源								-1			
99s	黑色本能的頂點	黒き本能の頂								-1			
99t	黑色本能的秘境	黒き本能の秘境								-1			
99u	神聖本能的起源	聖なる本能の起源								-1			
99v	神聖本能的頂點	聖なる本能の頂								-1			
99w	神聖本能的秘境	聖なる本能の秘境								-1			
99x	蒼藍本能的起源	蒼き本能の起源								-1			
99y	蒼藍本能的頂點	蒼き本能の頂								-1			
99z	蒼藍本能的秘境	蒼き本能の秘境								-1			
9a0	腐朽本能的起源	朽ちた本能の起源								-1			
9a1	腐朽本能的頂點	朽ちた本能の頂								-1			
9a2	腐朽本能的秘境	朽ちた本能の秘境								-1			
9a3	強硬本能的起源	硬き本能の起源								-1			
9a4	強硬本能的頂點	硬き本能の頂								-1			
9a5	強硬本能的秘境	硬き本能の秘境								-1			
9a6	老舊秘密基地	おんぼろ秘密基地								-1			
9a7	絕佳秘密基地	イケてる秘密基地								-1			
9a8	完美秘密基地	かんぺきな秘密基地								-1			
9a9	紅色本能的起源	紅き本能の起源								-1			
9aa	紅色本能的頂點	紅き本能の頂								-1			
9ab	紅色本能的秘境	紅き本能の秘境								-1			
9ac	紅色本能的秘境	浮ける本能の起源								-1			
9ad	紅色本能的秘境	浮ける本能の頂								-1			
9ae	紅色本能的秘境	浮ける本能の秘境								-1			
9af	紅色本能的秘境	黒き本能の起源								-1			
9ag	紅色本能的秘境	黒き本能の頂								-1			
9ah	紅色本能的秘境	黒き本能の秘境								-1			
9ai	紅色本能的秘境	聖なる本能の起源								-1			
9aj	紅色本能的秘境	聖なる本能の頂								-1			
9ak	紅色本能的秘境	聖なる本能の秘境								-1			
9al	紅色本能的秘境	朽ちた本能の起源								-1			
9am	紅色本能的秘境	朽ちた本能の頂								-1			
9an	紅色本能的秘境	朽ちた本能の秘境								-1			
9ao	紅色本能的秘境	蒼き本能の起源								-1			
9ap	紅色本能的秘境	蒼き本能の頂								-1			
9aq	紅色本能的秘境	蒼き本能の秘境								-1			
9ar	老舊秘密基地	おんぼろ秘密基地								-1			
9as	老舊秘密基地	おんぼろ秘密基地								-1			
9at	老舊秘密基地	おんぼろ秘密基地								-1			
9au	絕佳秘密基地	イケてる秘密基地								-1			
9av	絕佳秘密基地	イケてる秘密基地								-1			
9aw	絕佳秘密基地	イケてる秘密基地								-1			
9ax	完美秘密基地	かんぺきな秘密基地								-1			
9ay	完美秘密基地	かんぺきな秘密基地								-1			
9az	完美秘密基地	かんぺきな秘密基地								-1			
9b0	獵人的地圖Ⅰ	狩人の地図Ⅰ								-1			
9b1	獵人的地圖Ⅱ	狩人の地図Ⅱ								-1			
9b2	獵人的地圖Ⅲ	狩人の地図Ⅲ								-1			
9b3	惡意本能的起源	悪しき本能の起源								-1			
9b4	惡意本能的頂點	悪しき本能の頂								-1			
9b5	惡意本能的秘境	悪しき本能の秘境								-1			
9b6	獵人的地圖Ⅳ	狩人の地図Ⅳ								-1			
9b7	古代本能的起源	古き本能の起源								-1			
9b8	古代本能的頂點	古き本能の頂								-1			
9b9	古代本能的秘境	古き本能の秘境								-1			
a14	梅西耶 強襲！	メシエ 強襲！		1	3				30分鐘	1			
a15	U.F.O.軍団 強襲！	U.F.O.軍団 強襲！		1	1				30分鐘	1			
a16	惡魔軍 強襲 !	悪魔軍 強襲 !		1	1				30分鐘	1			
a17	天使軍 強襲 !	天使軍 強襲 !		1	3				30分鐘	1			
a18	強襲的梅露可物語	強襲のメルクストーリア		1	3				30分鐘	1			
a19	強襲！電子歌姬	強襲！電子の歌姫		1	1				30分鐘	1			
a1a	強襲！電子の歌姫	強襲！電子の歌姫(韓国版)		1	1				30分鐘	1			
a1b	使徒強襲	使徒強襲			1r				30分鐘	1			
a1c	強襲！亂馬１/２	強襲！らんま１/２		1	1				30分鐘	1			
a1d	魔女之夜	ワルプルギスの夜							30分鐘	1			
a1e		めざせＧＩ にゃんこ競馬							30分鐘	1			
a1f		強襲！城とドラゴン		1	3				30分鐘	1			
a1g	強襲！「亂馬１/２」	強襲！らんま1/2		1	1				30分鐘	1			
a1h	歌后曼波魚崎A・Y・U 強襲！	ハマンボ崎あゆみ　強襲！							30分鐘	1			
a1i	Servant強襲！	サーヴァント強襲！		1	3				30分鐘	1			
a1j		強襲！メタルスラッグ							30分鐘	1			
a1k	強襲！神魔之塔				1				30分鐘	1			
a1l	強襲！頭目・四乃森蒼紫	強襲！御頭・四乃森蒼紫			1				30分鐘	1			
asw	甲普拉密林	ガープラ密林		3	3					2			
asx	亞蜥比沙漠	アシビニ砂漠		4	4					2			
asy	將弗裂火山	ジャンフォレ火山		6	6					2			
bko	地下深淵	地底迷宮											
ccg	零之領域	ゼロフィールド				x,0,0,0,0,0,0,0,0,a,a,a,a,a,a,a,0	1,1.25,1.5,1.5			-1			
cch	時空的盡頭	時空の最果て				x,0,0,0,0,0,0,0,0,a,a,a,a,a,a,a,0	1,1.25,1.5,1.5			-1			
cci	烏龜烏龜翹盆地	バリチッチ盆地				x,0,0,0,0,0,0,0,0,i,c,9,3,3,i,3,0	1,1.25,1.5,1.5			-1			
ccj	烏魯魯布島滯留記	ウルルブ島滞在記				x,0,0,0,0,0,0,0,0,0,0,h,0,s,m,0,0	1,1.25,1.5,1.5			-1			
cck	五告厲害新世界	新世界アリ＝エヘン				x,0,0,0,0,0,0,0,0,e,e,7,0,e,e,2,0	1,1.25,1.5,1.5			-1			
ccl	我們是海洋貓咪	われら海の猫				x,0,0,0,0,0,0,0,0,8,g,5,5,d,g,3,0	1,1.25,1.5,1.5			-1			
ccm	產生分歧的世界	対極にある真実				x,0,0,0,0,0,0,0,0,9,9,9,0,i,d,9,0	1,1.25,1.5,1.5			-1			
ccn	公合海灣的魔物	デシリットル湾の魔物				x,0,0,0,0,0,0,0,0,5,h,c,0,h,7,7,0	1,1.25,1.5,1.5			-1			
cco	枯萎的沉思庭院	枯れた思考の庭				x,0,0,0,0,0,0,0,0,k,6,3,6,6,c,f,0	1,1.25,1.5,1.5			-1			
ccp	異界之路的另一頭	異空行路の先に				x,0,0,0,0,0,0,0,0,0,4,0,0,g,17,4,0	1,1.25,1.5,1.5			-1			
ccq	奇妙夕谷	イトコンバレー				x,0,0,0,0,0,0,0,0,0,3,i,i,f,0,c,0	1,1.25,1.5,1.5			-1			
ccr	點心桃花源	カルメ桃源郷				x,0,0,0,0,0,0,0,0,h,3,7,0,0,7,y,0	1,1.25,1.5,1.5			-1			
ccs	隱秘的摩爾摩島	隠されしモルモ島				x,0,0,0,0,0,0,0,0,f,6,9,0,c,i,6,0	1,1.25,1.5,1.5			-1			
cct		行楽地デラ・コスパ				x,0,0,0,0,0,0,0,0,h,6,9,c,c,6,6,0	1,1.25,1.5,1.5			-1			
d48	異次元競技場	異次元コロシアム	100,120	2f6w	2f6w					-1	生產金錢制度：初期持有50,000元，且金錢不隨著時間或擊敗敵人增加	無效聯組：初期工作狂貓等級、初期所持金額、工作狂貓的工作效率、工作狂貓錢包、會計能力	
d49	異次元競技場	異次元コロシアム	100,120	2f6w	2f6w					-1	統一生產速度：所有我方角色的生產速度固定為500F	無效聯組：研究力	
d4a		異次元コロシアム	100,120	2f6w	2f6w					-1			
d4b		異次元コロシアム	100,120	2f6w	2f6w					-1			
d4c		異次元コロシアム	100,120	2f6w	2f6w					-1			
