id	name_tw	name_jp	name_fandom	description	health_point	knockbacks	speed	range	preswing_1	preswing_2	preswing_3	attack_power_1	attack_power_2	attack_power_3	time_between_attacks	backswing	attack_frequency	attack_type	trait	ability_enabled	long_distance_1	long_distance_2	immunity	ability	earn	star
0	狗仔	わんこ	Doge	擅自把貓咪當敵人的柴犬。|雖然也有溫柔的一面，像是每年|都不會忘記送貓咪生日禮物。另外，|其實是每年都挑戰大學學測的考生。	90	3	5	110	8	0	0	8	0	0	40	10	47	1	256	4			0		15	
1	扭扭蛇	にょろ	Snache	長得像蛇的蛇。紋路是用水彩畫的，|也就是說…很怕水。|但是請注意此小道消息|與本遊戲無關。	100	3	8	110	8	0	0	15	0	0	30	8	37	1	256	4			0		30	
2	團結筷子幫	例のヤツ	Those_Guys	一人沒膽所以三人一起參戰。|第一人是從網路上報名「貓咪大戰爭」|的挑戰者找來的。|然後三個人都是土豪。	200	1	10	110	10	0	0	20	0	0	20	20	30	1	256	4			0		75	
3	河馬將	カバちゃん	Hippoe	是隻對體力很有自信的河馬。|可以一次攻擊多個敵人的|危險人物。|順道一提，是他還是她解答不明。	1000	1	4	160	8	0	0	100	0	0	60	10	67	2	256	4			0		400	
4	豬野郎	ブタヤロウ	Pigge	被大家亂取綽號的豬（母的）|但本人卻不承認這個綽號。|紅紅的身體是被太陽曬傷的。|本名叫伊麗莎白，出生於英國。	1500	2	5	150	14	0	0	120	0	0	60	8	73	2	1	4			0		400	
5	企鵝大哥	ジャッキー・ペン	Jackie_Peng	嚮往功夫電影，|所以自學功夫的企鵝。|勤奮練功，希望有朝一日|可以往好萊塢發展。	1300	3	11	150	8	0	0	80	0	0	10	16	24	1	256	4			0		450	
6	大猩猩	ゴリさん	Gory	因面貌兇狠而遭驅逐出動物園|成為無業遊猩。|無所事事的生活，每天就是|沉溺於喝酒與賭博。	1000	3	15	150	8	0	0	80	0	0	2	8	16	2	256	4			0		550	
7	咩咩	メェメェ	Baa_Baa	名字普普，長相也普普。|是隻因為過於普通而自卑的羊。|發奮將來要成為獨樹一格的人物|而去唸了搞笑學校。	500	3	7	110	14	0	0	50	0	0	40	8	53	1	256	4			0		150	
8	斑海豹桑	ゴマさま	Sir_Seal	想成為明星而來到都市的海豹|希望早日成名一炮而紅|所以把身體染成了紅色|但是卻完全不受注目。	2500	1	10	170	8	0	0	150	0	0	16	10	23	2	1	4			0		650	
9	澎湃	パオン	Le'boin	擅長遠距離攻擊的大象。|喜歡有著豐滿身材的巨乳。|興趣是收集泳裝女星寫真集。|珍藏品多到數不清。	4000	1	4	400	8	0	0	654	0	0	180	8	187	2	256	4			0		1300	
10	袋拳	カ・ンガリュ	Kang_Roo	看了拳擊漫畫後就開始練拳擊。|但因為只是一隻袋鼠，所以過不|了拳擊資格考試這關，頓時人生|失去意義最後以悲劇收場。	4000	1	20	160	2	8	16	213	12	25	2	20	36	17	256	7			0		1400	
11	一角君	一角くん	One_Horn	想幫助別人所以在消防局工作。|有時會讓人坐在身上出勤|但是因為跑得太慢了|到達時房子也幾乎已經燒光了。	15000	1	3	40	8	0	0	500	0	0	0	8	16	2	1	4			0		2500	
12	熊熊老師	クマ先生	Teacher_Bear	幼稚園的老師，笑裡藏拳的他|一拳揍下來真的超痛。|生氣雖很可怕，但是性格溫和。|在幼稚園的愛稱為熊熊老師。	3000	10	4	350	8	0	0	1000	0	0	100	8	107	2	256	4			0		2000	
13	鱷魚宅宅	ワニック	Croco	差點變成高級鱷魚皮包時|所幸被一位公子哥搭救。|透過遠端教學考取了很多證書|打字檢定還2級唷！	70	1	14	110	8	0	0	30	0	0	0	10	18	17	256	4			0		50	
14	臭老兔	ウサ銀	B.B.Bunny	內心比外表成熟的兔子。|從大公司辭職後就設立公司。|現正擁有四家公司。|將來打算出來競選當市長。	500	3	22	110	12	0	0	50	0	0	30	4	41	1	1	4			0		180	
15	松鼠阿嘎	リッスントゥミー	Squire_Rel	自己亂編語言的松鼠。|雖然發音聽起來有模有樣|但內容完全聽不懂。平常會在車站|前的補習班教外國人會話。	80	3	30	110	8	0	0	30	0	0	0	8	16	1	256	4			0		100	
16	黑熊	ブラックマ	Assassin_Bear	生活在黑暗世界的殺手熊。|因經濟不景氣殺手的生意大減。|今天報紙的廣告有一格寫著|一億殺一個。	550	1	150	800	6	0	0	3000	0	0	0	2	8	2	4	4			0		1	
17	赤面歌王	赤羅我王	Shy_Boy	站在眾人面前就會臉紅。|唱歌的實力是職業級|但是從沒有在別人面前唱過。|當然興趣就是一人卡拉OK。	35000	2	40	150	12	0	0	500	0	0	0	10	22	2	3	4			0		1500	
18	臉君	カオル君	The_Face	減肥過度導致只剩臉的臉君。|因為身體沒了，臉整個腫起來|結果體重比減肥前還要重。|所以他試著飄起來。	99999	2	1	340	34	0	0	2000	0	0	240	10	273	2	2	4			0		4000	
19					80	3	60	150	6	0	0	30	0	0	0	9	15	17	0	4			0		100	
20					80	3	40	150	6	0	0	30	0	0	0	12	18	17	0	4			0		100	
21	看板小妹	カンバン娘	Ms._Sign	戰鬥時間過長就會出現|是個巷弄皆知的鄰家小妹。|將來的夢想是當新娘，家裡有|爸爸、媽媽、哥哥，還有乾爹。	10000	10000	4	800	8	0	0	1	0	0	600	6	607	1	256	4			0		1	
22	蛾蛾蛾蛾	ガガガガ	Mooth	幻想會成為隻美麗的蝴蝶|但破繭而出後，發現自己|只不過是隻「蛾」時大受打擊。|曾誤入歧途，但現在已經回到正途。	5000	1	20	340	34	0	0	350	0	0	0	54	88	18	2	4			0		1800	
23	惡之帝王貓彈	悪の帝王 ニャンダム	Dark_Emperor_Nyandam	雖然身為惡之帝王卻不會喝酒而|變得很焦躁，為了感受一下酒醉|而把全身染紅。當然，|酒杯裡裝的其實是咖啡凍。	99999	3	2	500	104	0	0	1800	0	0	360	29	463	2	1	4			0		6000	
24	噴噴老師	ぶんぶん先生	Teacher_Bun_Bun	熊熊老師的恩師。|吶喊著：「打是情揍是愛！」|只要靠近他就會不留情地一拳揍過來。|是怪獸家長的剋星。	99999	10	23	200	20	0	0	2250	0	0	0	11	31	2	2	4			0		8000	
25	劍客	剣士	Swordsman_(form_1)_(Enemy)		100	2	4	110	27	0	0	10	0	0	80	29	106	1	256	4			0		800	
26	小暴龍	ガウガウ	Li'l_Gau_(form_1)_(Enemy)		1000	2	6	112	56	0	0	300	0	0	130	56	185	2	256	4			0		1200	
27	飛踢公主	ケリ姫	Kerihime_(form_1)_(Enemy)		8000	8000	35	109	4	0	0	200	0	0	150	177	181	1	256	4			0		1500	
28	剣士 (第2形態)	剣士 (第2形態)	Swordsman_(form_2)_(Enemy)		100	2	4	110	27	0	0	1000	0	0	0	29	56	18	256	4			0		800	
29	ガウガウ (第2形態)	ガウガウ (第2形態)	Li'l_Gau_(form_2)_(Enemy)		80000	4	6	130	56	0	0	3000	0	0	0	56	112	2	256	4			0		1200	
30	ケリ姫 (第2形態)	ケリ姫 (第2形態)	Kerihime_(form_2)_(Enemy)		6000	1	35	1300	4	0	0	4200	0	0	0	137	141	18	256	4			0		1500	
31	師匠	師匠	Master_A.	對黃色知識無所不知的博士。|雖被國中同學尊稱為師匠|但還沒有和女生交往過的經驗。	40000	4	4	451	1	0	0	557	0	0	0	23	24	18	256	4			0		2000	
32	鴕鳥愛美惠	ダチョウ同好会	R.Ost	最近開始擔心自己的|掉毛問題。順道一提|鴕鳥愛是姓，美惠是名字。|有時候會使出會心一擊。	340000	5	16	260	4	0	0	7200	0	0	0	13	17	18	256	4			0	4&10	1080	
33	破壞一族	フルぼっこ	Otta-smack-u	捧著海獺家族世代相傳的|「免錢石」雙足行走之海獺。|一旦發現目標，整群海獺就會|蜂擁而上將目標攻擊至體無完膚。	30000	1	10	180	14	0	0	1497	0	0	0	9	23	2	256	4			0		200	
34	無尾熊球	コアラッキョ	Kory	會發射波動，情緒不穩的怪咖。|因飼養費過高而被逐出動物園。|暫住大猩猩的家裡，但又因為|飼料費昂貴而再次被趕出去。	120000	5	7	200	21	0	0	1400	0	0	40	9	60	2	256	4			0	3&|13@100!4	900	
35	駝背	こぶへい	Camelle	出生於阿拉伯，喜歡三溫暖的|駱駝。自以為有身懷關閉鼻孔|的絕技，但是卻沒發現那其實|是駱駝的本能。	100000	2	8	550	11	0	0	2637	0	0	0	36	47	18	256	4			0	3&	900	
36	鴨子倫倫	アヒルンルン	Duche	每天研究"倫倫"這個字的由來。|還研究"倫倫""朗朗"哪個強。|另外也研究"呼呼""吱吱"|"呆呆"…（略）	40000	1	10	120	12	24	0	500	500	0	0	9	33	18	256	6			0		400	
37	眉毛鳥	まゆげどり	Owlbrow	外表年輕但實際已經是78歲的老人。|為了健康以步行代車|因此看起來形跡可疑。|成天抱怨被當成飄浮敵人。	10000	1	14	340	44	0	0	3000	0	0	0	72	116	18	2	4			0		800	
38	獅豬	イノシャシ	Bore	一直以為自己是獅子，有天被同事好|心告知事實後當下覺得非常的丟臉|頓時變成了全身紅的山豬。|個性屬於忠厚型。	400000	2	14	130	8	0	0	4837	0	0	0	3	11	2	1	4			0		2100	
39	樹懶賴	ナマルケモルル	THE_SLOTH	原本應該是從樹上降臨的最厲害的猛獸。|但是到了地上之後就走不動了|於是急切地希望回到樹上。|是隻沒幹勁的樹懶。	300000	3	2	450	27	0	0	8000	0	0	400	49	426	2	256	4			0		2000	
40	粥董	ナカイくん	Rain_D.	對自己的歌唱能力非常有自信的粥董。|是湖人隊的超級粉絲。|傳言說粥董的皮毛中藏有一個人|但本人卻否認這個傳言。	90000	20	25	300	20	0	0	4547	0	0	0	21	41	18	256	4			0		800	
41	拉腸狗	だっふんど	Dagshund	很想模仿電視上的奇怪大叔動作|於是努力學會了用雙腳走路。|再來只要學會把手伸出後畫圈的動作|最後念出自己的名字就大功告成了。	60000	1	10	180	13	0	0	3000	0	0	0	37	50	18	256	4			0		700	
42	貴賓	セレブ	Celeboodle	讀大學的她每天都會喝下午茶。|享受和朋友一起聊東聊西的時光。|但其實大家都覺得她很煩。	9000	2	20	140	17	0	0	5000	0	0	0	24	41	17	256	4			0		700	
43	鬣狼	ハイ・エナジー	H._Nah	明明是一隻鬣狗卻一直說自己是|一隻孤獨的狼…功能是負責吃剩飯。|由於愛好孤單，所以會把靠近的人|全部踹開的討厭鬼。	200000	5	14	344	30	0	0	6101	0	0	30	30	60	2	256	4			0	30@100	1101	
44	瀟灑哥	ダディ	Dober_P.D	會發射波動，是13隻小狗的父親。|過於花心共結了7次婚和52次劈腿紀錄。|顏色是接近黑色的灰色|但其實一點黑也沒有。	800000	2	3	172	30	0	0	5500	0	0	0	12	42	2	256	4			0	13@33!3	1600	
45	狼與少女	ウルフとウルルン	Ururun_Wolf_(Enemy)	別看她這樣其實她是都市小孩。|在家附近的寵物店買了小狼，|上下學的路上隨時都有|小狼陪伴著她移動。	700000	10	12	415	69	0	0	8812	0	0	0	22	91	2	256	4			0		1400	
46	殺意狗	殺意のわんこ	Doge_Dark	有一天看到招募殺手|的廣告後就開始|兼職做殺手的黑狗。|每天為了賺學費而辛勤的工作。	5000	8	30	110	4	0	0	2000	0	0	0	37	41	17	4	4			0		400	
47	鋼鐵河馬將	メタルカバちゃん	Metal_Hippoe	透過聯邦政府的改造手術而脫胎換骨|擁有鋼鐵身體的改造河馬。|弱點是會心一擊。	80	2	4	160	8	0	0	200	0	0	0	10	18	18	8	4			0		400	
48	伊麗莎白2世	エリザベス2世	St._Pigge_the_2nd	豬野郎的祖先。|沒錯，她就是豬小屋王國第二代女王|伊麗莎白2世是也！|即將作為無菌豬販售	40000	4	8	160	14	0	0	400	0	0	0	8	22	2	1	4			0		600	
49	赤井噴太郎	赤井ブン太郎	J.K_Bun_Bun	給噴噴老師的人生帶來莫大影響|代表日本文學的文豪。代表作是|《體罰與理髮》（1868年）|《懲罰》（1875年）等等	400000	5	23	200	20	0	0	9287	0	0	0	11	31	2	3	4			0		2000	
50	黑色噴噴	ブラックブンブン	Bun_Bun_Black	「好的老師帶你上天堂」！|有著這種令人費解的愛情觀|的危險老師。會突然揍過來|被打到的話就會上天堂。	777777	10	16	200	20	0	0	5997	0	0	0	11	31	2	6	4			0		3000	
51	黑猩猩	ブラッゴリ	Gory_Black	終於開始踏踏實實工作的無業遊猩。|與無業遊猩時期的自己決別|開始嶄新人生的驕傲中年人。|聽說最近會和分居中的家人團聚。	40000	8	30	155	6	0	0	3123	0	0	0	10	16	18	4	4			0		500	
52	影子拳擊手	シャドウボクサー	Shadow_Boxer_K	「黑市裡才不需要什麼許可|在這裡就連殺人也是合法的」|是個非常喜歡這句台詞的袋鼠。|這讓牠袋子裡面的寶寶非常苦惱。	80000	10	22	158	2	4	8	4250	250	497	0	8	16	18	4	7			0		600	
53	黑澤導演	クロサワ監督	Director_Kurosawah	夢想成為世界聞名的電影人|實為默默無名的電影導演。|每次都在拍一些賣不出去的片子|但片中的羶情片段卻屢獲好評。	200000	3	2	700	104	0	0	18763	0	0	290	29	393	2	4	4			0		1000	
54	超級鋼鐵河馬將	超メタルカバちゃん	Super_Metal_Hippoe	剛學會文件分享軟體裡就被特洛伊木馬|等不明病毒入侵的暴走河馬將。|會打飛任何擋路的人。|會心一擊是其弱點。	8000	16	18	170	8	0	0	3000	0	0	40	10	47	2	8	4			0	30@100	999	
55	10式戰車	10式戦車	Type_10_(Event_Enemy)		100	2	4	240	6	0	0	8	0	0	60	25	65	2	8	4			0		500	
56	鋼鐵犀一角	メタルサイボーグ	Metal_One_Horn	為了幫助更多人而接受了改造手術的|一角君。可以監聽報警前的電話|並行動，但因為走得慢|所以老是來不及趕到現場。	800	2	4	80	3	0	0	3200	0	0	0	3	6	2	8	4			0		600	
57	鋼鐵熊	メタックマ	Teacher_Cybear	居住在臉君家中長達6年的|熊玩偶裝。終於卸下玩偶裝，|踏出外面的世界了！|裡面其實是人工化的熊熊老師	50	1	3	600	8	0	0	999999	0	0	12	8	19	1	8	4			0		550	
58	鋼鐵臉君	メタルカオル君	CyberFace	賭上全人類的存亡而開發的臉型決戰兵器。|會用波動將一切化爲虛無。|看起來好像浮在空中，但實際上用了光學迷彩|所以肉眼才看不到那12隻腳。	299	1	32	140	32	0	0	99999	0	0	200	12	231	2	8	4			0	30@30|3&|13@90!8	550	
59	鋼鐵斑海豹桑	メタルゴマさま	Sir_Metal_Seal	想要成為大明星而來到都市的海豹。|希望早日成名讓人捧上天|卻完全不受注目|所以把自己試著人工化。	22000	3	10	150	8	0	0	6699	0	0	10	10	18	2	8	4			0		1155	
60	幽靈鷙	ユーリンチー	Yurinchi_(Enemy)		2000	2	6	150	33	0	0	180	0	0	2	35	68	2	2	4			0		550	
61	プリンセスカオル	プリンセスカオル	Princess_Head_(Enemy)		50000	3	10	180	17	0	0	2400	0	0	0	12	29	2	2	4			0		4000	
62	企課長	ペ課長	Chief_Peng		10000	3	11	200	6	0	0	1200	0	0	0	13	19	18	256	4			0		450	
63	惡魔王聖誕老人	悪魔王サンタ	Dark_Emperor_Santa		45000	3	4	500	104	0	0	3600	0	0	0	29	133	2	2049	4			0	22@100!120	6000	
64	赤色旋風	レッドサイクロン	Red_Cyclone	超高速旋轉的連續攻擊|讓任何人都無法接近。|如果有辦法阻止或反彈攻擊|說不定可以反敗為勝！？	999999	1	6	90	1	0	0	92000	0	0	0	4	5	18	3	4			0		3000	
65	河馬開口獅	獅子カバブー	Lione_Hippoe		14000	1	10	180	8	0	0	999	0	0	0	10	18	18	256	4			0		400	
66	福神	福の神	Lucky_Sloth		300000	3	2	350	27	0	0	8000	0	0	0	49	76	18	256	4			0	30@20	2000	
67	熊熊敢死隊	クマトーク	Bears_Be_Bare		50000	10	35	400	15	0	0	2800	0	0	0	86	101	18	256	4			0	30@100	3000	
68	猿王	猿王	Monkey_King_(Enemy)		6640	3	7	260	30	0	0	550	0	0	0	33	63	17	256	4			0		1080	
69	白色旋風	ホワイトサイクロン	White_Cyclone	超高速旋轉的連續攻擊|讓任何人都無法接近。|因為最近旋風吸塵器的熱潮|所以到哪都受到歡迎。	999999	5	7	70	1	0	0	89000	0	0	0	4	5	18	2	4			0		3000	
70	黑色旋風	ブラックサイクロン	Black_Cyclone	超高速旋轉的連續攻擊|讓任何人都無法接近。|有著有時候會把碰到的東西吹飛的|特性，是個很可怕的敵人。	1200000	10	10	120	1	0	0	4000	0	0	0	4	5	18	6	4			0	30@20	3000	
71	鋼鐵旋風	メタルサイクロン	Metal_Cyclone	他的超高速迴轉連續攻擊能力|讓敵人無法靠近他。|因為鐵製的關係無法浮起|不過他可以揮灑鐵屑使攻擊力不間斷。	77777	10	2	65	1	0	0	77000	0	0	0	4	5	18	8	4			0		3000	
72	ニムエ	ニムエ	Nimue_(Enemy)		5000	3	4	169	63	0	0	399	0	0	240	58	302	2	2	4			0		996	
73	帰化型ニムエ	帰化型ニムエ	Neutralization_Type_Nimue_(Enemy)		98767	5	4	340	63	0	0	3843	0	0	0	58	121	2	2	4			0		1192	
74	SSS猿王	SSS猿王	SSS_Monkey_King_(Enemy)		188600	2	7	300	30	0	0	5280	0	0	0	33	63	18	256	4			0		2160	
75	狂亂貓	狂乱のネコ	Crazed_Cat_(Enemy)		2400000	3	4	240	8	0	0	7880	0	0	0	10	18	18	256	4			0		1980	
76	狂亂坦克貓	狂乱のタンクネコ	Crazed_Tank_Cat_(Enemy)		3200000	1	2	390	8	0	0	30240	0	0	60	8	67	2	256	4			0	3&	2370	
77	狂亂戰鬥貓	狂乱のバトルネコ	Crazed_Axe_Cat_(Enemy)		2200000	5	7	360	8	0	0	4200	0	0	0	8	16	2	256	4			0	22@50!130	2000	
78	狂亂噁心貓	狂乱のキモネコ	Crazed_Gross_Cat_(Enemy)		120000	2	6	100	8	0	0	3990	0	0	40	8	47	2	256	4			0	13@100!3	810	
79	狂亂牛貓	狂乱のウシネコ	Crazed_Cow_Cat_(Enemy)		130000	2	20	100	6	0	0	2600	0	0	0	4	10	1	256	4			0		500	
80	狂亂鳥貓	狂乱のネコノトリ	Crazed_Bird_Cat_(Enemy)		1180000	1	2	640	10	0	0	12000	0	0	160	4	169	2	2	4			0		1999	
81	狂亂魚貓	狂乱のネコフィッシュ	Crazed_Fish_Cat_(Enemy)		87000	1	6	260	10	0	0	4200	0	0	0	8	18	2	256	4			0	4&3	620	
82	狂亂蜥蜴貓	狂乱のネコトカゲ	Crazed_Lizard_Cat_(Enemy)		600000	8	7	755	10	0	0	1300	0	0	40	15	49	2	256	4			0		1350	
83	狂亂巨神貓	狂乱の巨神ネコ	Crazed_Titan_Cat_(Enemy)		2560000	5	4	320	47	0	0	17000	0	0	0	34	81	2	256	4			0	30@100|23@40!200|13@15!7	2125	
84	高校教師	高校教師	Teacher_A		40000	4	11	351	1	0	0	657	0	0	0	23	24	18	256	4			0	23@20!90	2000	
85	武者狗仔	武者わんこ	Samurai_Doggy		135400	2	8	120	6	0	0	2555	0	0	0	3	9	2	5	4			0	30@100	1600	
86	歌后貓	メガにゃんこ	Mega_Cat_(Enemy)		99	1	1	1300	160	0	0	99999	0	0	420	141	579	2	8	4			0		9999	
87	大猩猩女婿	ゴリ婿	Gory_Groom		170000	7	10	175	6	0	0	2525	0	0	0	10	16	18	4	4			0	3&	1789	
88	賽蕾絲	セレス	Celesse_(Enemy)		250	1	10	140	26	0	0	50	0	0	0	31	57	18	2	4			0		250	
89	諾諾	ノノ	Nono_(Enemy)		650	2	8	180	22	0	0	150	0	0	0	45	67	17	256	4			0		400	
90	奧爾加	オルガ	Olga_(Enemy)		2400	2	10	310	20	0	0	240	0	0	70	25	89	2	256	4			0		600	
91	諾倫	ノルン	Norn_(Enemy)		3200	2	12	150	30	0	0	430	0	0	0	11	41	2	256	4			0		550	
92	優依	よいち	Yoichi_(Enemy)		3800	2	8	390	34	0	0	780	0	0	100	23	133	2	256	4			0		800	
93	賽拉姆	セラム	Serum_(Enemy)		9200	1	30	240	17	0	0	600	0	0	0	32	49	18	2	4			0		720	
94	弗舞	フウ	Fuu_(Enemy)		30000	1	4	200	31	0	0	1942	0	0	0	32	63	18	2	4			0	22@20!90	800	
95	阿烏拉	アウラ	Aura_(Enemy)		77000	2	3	350	46	0	0	3555	0	0	60	65	111	2	256	4			0	30@100	800	
96	雷伊	レイ	Rei_(Enemy)		40000	3	18	130	24	0	0	2123	0	0	0	39	63	18	2	4			0		900	
97	飛翼龍	ワイバーン	Wyvern_(Enemy)		380000	4	5	600	55	0	0	6555	0	0	320	66	374	2	2	4			0		2000	
98	癒術士	癒術士	Healer_(Enemy)		299999	5	23	310	20	0	0	3250	0	0	0	26	46	18	256	4			0	4&10	1400	
99	陽傘貴賓	夏セレブ	Sunny_Celeboodle		80000	2	10	400	17	0	0	3000	0	0	80	24	96	2	256	4			0		1000	
100	比基尼熊熊	ビキニグマ	Bearkini		35000	3	30	300	6	0	0	600	0	0	0	10	16	18	256	4			0		600	
101	閻魔王	閻魔大王	Lord_Enma		112590	1	3	380	6	0	0	6000	0	0	240	11	245	2	1	4			0		4590	
102	奔跑君	ハシル君	Dashing_Face		50000	3	25	170	12	0	0	600	0	0	0	7	19	2	256	4			0		4000	
103	幽靈狗仔	ゴーストわんこ	Ghost_Doge		180	3	5	110	6	0	0	16	0	0	40	13	45	1	2	4			0		30	
104	幽靈扭扭蛇	ゴーストにょろ	Ghost_Snache		200	3	8	110	10	0	0	30	0	0	30	6	39	1	2	4			0		60	
105	幽靈咩咩	ゴーストメェメェ	Ghost_Baa_Baa		1000	3	7	110	12	0	0	100	0	0	40	10	51	1	2	4			0		300	
106	煙火職人（高空）	花火職人（高空）	Fireworks_Guys_(High-Yield)		1	1	5	50	190	0	0	1	0	0	380	-188	569	1	256	4			0		1	
107	煙火職人（低空）	花火職人（低空）	Fireworks_Guys_(Low-Yield)		1	1	5	100	190	0	0	1	0	0	380	-188	569	1	256	4			0		1	
108	戰鬥肌熊	バトルクマッチョ	Mighty_Gui_Zuli		83000	3	2	350	18	0	0	8300	0	0	60	10	77	2	256	4			0		2000	
109	企仙人	ぺ仙人	Hermit_Peng		25000	2	11	280	6	0	0	650	0	0	0	30	36	18	256	4			0		1000	
110	拉腸狗老師	マスターダッフン	Master_Da_Xun		100000	3	16	180	19	0	0	2700	0	0	80	55	98	2	256	4			0		1500	
111	豬狗仔	豚戦わんこ	Pigge_Back		10000	1	10	300	21	0	0	200	0	0	0	10	31	2	1	4			0		500	
112	天使旋風	エンジェルサイクロン	Divine_Cyclone	以他那無法影響世界的吸引力|持續進行淨化的天使。|另外，還能把對飄浮敵人的特殊攻擊|無效化，需要特別注意。	1399999	1	6	70	1	0	0	76000	0	0	0	4	5	18	16	4			0		3000	
113	河馬將天使	天使カバちゃん	Heavenly_Hippoe	是一隻夢見自己當了天使的河馬。|靠藥物讓翅膀長出來後|就一直陶醉在自己已成為|希臘神話中的飛馬的世界裡。	55000	2	9	170	8	0	0	1800	0	0	20	3	27	2	16	4			0		450	
114	加百列天使	天使ガブリエル	Gabriel	是狗仔的祖先。|總是在背後關注有沒有|好好讀書的狗仔。萬一狗仔打瞌睡了，|就會現身顯靈狠狠地咬他。	13000	10	50	80	3	0	0	1550	0	0	0	38	41	18	16	4			0		250	
115	落猩天使	天使ゴンザレス	Angelic_Gory	因為面貌兇狠|而遭天使界打落凡間|成為墮落天使的大猩猩。|下了凡間後靠著打小鋼珠維生。	98000	6	32	165	6	0	0	5567	0	0	0	10	16	18	16	4			0		500	
116	天使愛好家	天使愛好家	Angel_Fanboy	為了天使投入所有財產的企業家。|猛玩稀有轉蛋機因而發現天使對|飄浮敵人屬性的特殊攻擊無效|的功勞者。	5	5	4	800	6	0	0	1	0	0	600	8	605	1	8	4			0		1	
117	壁犬	カベわんこ	Wall_Doge	視牆貓為敵人，不甘示弱地|自己也變成了牆壁。|有時候人手不足時|也會被拿來當骨牌用。	30000	1	4	110	8	0	0	460	0	0	60	8	67	2	256	4			0		200	
118	紅髮扭扭蛇	赤毛のにょろ	Ginger_Snache	身體形狀像波浪一樣的蛇。|由於跑出一根像波浪形狀一樣紅色毛髮，|顧名思義取了這個名字。|身體的紅色可想而知是水彩畫的。	12000	5	22	120	10	0	0	1800	0	0	0	6	16	1	1	4			0		130	
119	生化魚鈴木	マンボーグ鈴木	Sunfish_Jones	本名叫做鈴木的曼波魚。|具有隱形能力所以對魚群探測器|不會有反應。傳說只要遇見他|就會讓你到西方極樂世界。	1200000	4	3	840	59	0	0	9260	0	0	200	62	258	2	16	4			0	23@30!90	3333	
120	お祝いケーキわんこ	お祝いケーキわんこ	Birthday_Cake_(Event_Enemy)		50	5	4	110	5	0	0	1	0	0	0	26	31	18	8	4			0		2	
121	ドラリー魔法使い	ドラリー魔法使い	Dragon_League_Witch_(Enemy)		500	2	5	350	29	0	0	2200	0	0	120	12	148	2	4	4			0		1500	
122	ドラリー剣士	ドラリー剣士	Dragon_League_Swordsman_(Enemy)		150	1	9	110	4	0	0	75	0	0	0	9	13	17	4	4			0		350	
123	背負・和平・鴿	ド鳩・サブ・レー	Pigeon_de_Sable	做為和平的象徵，代代相傳|背負此宿命的第１７代鴿子。|對於侵略牠的貓咪們|牠會用和平的頭錘還以攻擊！	8300	2	18	205	5	0	0	1200	0	0	40	6	44	1	2	4			0	13@100!1	300	
124	黑色破壞一族	ブラッコ	Dark_Otter	捧著海獺家族世代相傳的|「免錢石」把醃漬過的梅干狠狠搗碎。|搗碎後梅干散發出的酸氣足以刺激淚腺。	175000	2	9	190	14	0	0	6497	0	0	0	9	23	2	4	4			0		250	
125	天使斯雷普尼爾	天使スレイプニール	Angelic_Sleipnir	出現在北歐神話中的八腳神駿天馬。|雖然馬不如其名，差距甚大|但這才是現實。|興趣是自家菜園。	363000	2	5	372	9	0	0	2247	0	0	0	6	15	2	16	4			0	30@15	905	
126	日出狗仔	日の出わんこ	Sunrise_Doge		215	1	0	2000	42	0	0	1	0	0	380	19	421	2	8	4			127	22@100!60	2015	
127	猛男貓	ネコマッチョ	Beefcake_Cat_(Enemy)		1200000	8	24	275	7	0	0	5500	0	0	0	9	16	18	2	4			0		8888	
128	舞者貓	ネコダンサー	Dancer_Cat_(Enemy)		1500000	5	9	435	35	0	0	21400	0	0	66	26	100	2	256	4			0		2220	
129	Hyper Mr.	Hyper Mr.	Hyper_Mr._(Enemy)		478000	8	14	162	2	0	0	4837	0	0	0	14	16	18	256	4			0		1100	
130	極上緊縛貓	猫縛り極上	Ultimate_Bondage_Cat_(Enemy)		500000	4	5	320	6	0	0	9643	0	0	62	39	67	2	256	4			0		960	
131	暗黑姊	暗黒嬢	Dark_Lazer_(Enemy)		1248000	2	3	244	6	0	0	7880	0	0	0	6	12	2	4	4			0		1920	
132	重機C・A・T	重機C・A・T	Heavy_Assault_C.A.T._(Enemy)		1500000	5	20	400	8	0	0	16000	0	0	160	93	167	2	256	4			0		1950	
133	害羞貓	ネコぺろきゃん	Lollycat_(Enemy)		300000	5	7	500	6	0	0	777	0	0	20	6	25	2	256	4			0		1666	
134	單輪車貓	イチリンリン	Unicycle_Cat_(Enemy)		288000	6	10	370	16	0	0	5800	0	0	8	31	47	2	256	4			0		1200	
135	飛天忍者貓	ムササビネコ忍者	Flying_Ninja_Cat_(Enemy)		1000000	3	4	240	6	0	0	7220	0	0	0	12	18	18	2	4			0		1980	
136	骷髏貓	ネコボーン	Skelecat_(Enemy)		25000	1	4	150	16	0	0	18000	0	0	0	15	31	2	256	4			0		250	
137	西點師傅	ネコパティシエ	Pastry_Cat_(Enemy)		1400000	4	6	235	18	0	0	7200	0	0	0	6	24	2	256	4			0	23@50!60	1900	
138	貓飯糰	ネコにぎり	Riceball_Cat_(Enemy)		133300	2	18	220	12	20	28	1480	1480	1480	0	6	34	18	256	7			0		500	
139	ＡＭＩＧＯ貓	ネコアミーゴ	Gato_Amigo_(Enemy)		17500	3	8	250	14	0	0	5700	0	0	0	18	32	18	256	4			0	30@50	200	
140	兜襠布貓	ねこななふん	Loincloth_Cat_(Enemy)		180000	5	7	655	6	0	0	1600	0	0	40	6	45	2	256	4			0		950	
141	綾小路 翔	綾小路 翔	Sho_Ayanokoji_(Enemy)		504649	3	4	210	2	0	0	14649	0	0	162	50	163	2	1	4			0		460	
142	早乙女 光	早乙女 光	Hikaru_Saotome_(Enemy)		99999	3	4	270	2	0	0	2000	0	0	162	50	163	2	256	4			0		460	
143	西園寺 瞳	西園寺 瞳	Hitomi_Saionji_(Enemy)		45000	3	4	90	2	0	0	400	0	0	162	50	163	2	256	4			0		460	
144	星グランマニエ	星グランマニエ	Hoshi_Grandmarnier_(Enemy)		4000	8	4	330	2	0	0	350	0	0	162	50	163	2	256	4			0		460	
145	白鳥松竹梅	白鳥松竹梅	Shouchikubai_Shiratori_(Enemy)		1500	3	4	150	2	0	0	150	0	0	162	50	163	2	256	4			0		460	
146	浪子漢	はぐれたヤツ	Trolly_Blogger	把每天的瑣事都赤裸裸地寫在自己的|部落格「本能」上而引來許多謾罵。|後來因為朋友的邀約減少了|所以不得不獨自一人活動。	500	1	20	220	10	0	0	200	0	0	0	5	15	2	256	4			0	30@15	75	
147	鋼鐵狗仔	メタルわんこ	Metal_Doge	某天由補習班回家路上遭突如其來的|巨大磁盤吸走的狗仔。|雖然失去記憶了，不過僅留下在手邊的|那套銀色西裝卻天天穿。	30	3	16	120	8	0	0	2000	0	0	0	10	18	18	8	4			0		300	
148	小戰士貓彈	コニャンダム	Li'l_Nyandam_(Enemy)	因時空錯亂而變回小孩的身型的貓彈|由於臉孔沒變一樣老態因此遭受打擊|藉由手持棒棒糖向外界強調他是小孩|不過搭車仍然收取成人票。	669000	3	2	620	77	0	0	17200	0	0	140	35	216	2	1	4			0		2200	
149	松黑藏	松 黒蔵	Le'noir	收集了一堆古今中外|難以入手性感影片的全黑色大象。|如果被沒收的話他會很困擾|所以靠近他的人他就飛踢！	460000	1	3	410	8	0	0	16000	0	0	180	8	187	2	4	4			0		1200	
150	工房曼波魚	工房マンボウ	Young_Man_Mola_(Enemy)		1	1	5	350	11	0	0	360	0	0	90	80	100	1	2	4			0		30	
151	曼波魚王	マンボ王	Mola_King_(Enemy)		3000	1	4	500	11	0	0	3000	0	0	200	80	210	1	2	4			0		600	
152	歌后曼波魚崎A・Y・U	ハマンボ崎あゆみ	Ayumi_Manbosaki		240000	1	4	800	59	0	0	5555	0	0	300	72	358	2	2	4			0		3333	
153	螃蟹	カニ	Crab		2500	2	5	180	1	0	0	250	0	0	46	7	46	2	1	4			0		400	
154	沙丁魚	イワシ	Sardine		120	2	7	125	2	0	0	30	0	0	58	20	59	1	2	4			0		50	
155	烏賊	イカ	Squid		90	3	8	110	1	0	0	18	0	0	50	20	50	1	2	4			0		25	
156	快閃無尾熊	マーチン	Marching_Kory		210000	4	7	320	21	0	0	4800	0	0	0	9	30	2	256	4			0		900	
157	Droid春	ハルドロイド	Sakura_Android_(Enemy)		400000	2	5	440	8	0	0	11111	0	0	150	243	251	2	256	4			0		2000	
158	拓也	タクヤ	Takuya_(Enemy)		20000	2	22	310	22	0	0	1200	0	0	80	39	101	2	256	4			0		660	
159	小雪	ユキ	Yuki_(Enemy)		75000	3	5	500	43	0	0	3300	0	0	300	58	342	2	2	4			0		2222	
160	天使小雞	天使ヒオコエル	Chickful_A	為了展翅高飛向天空，姑且先以小山丘|為目標持續旅行，剛出生2天的新手天使。|第8次旅行邀了朋友鴨子倫倫不幸遭拒。|易怒的個性是來自祖母的隔代遺傳。	160000	3	8	370	32	0	0	13000	0	0	80	29	111	2	16	4			0	22@25!60	770	
161	極道にゃんこ	極道にゃんこ	Mob_Cat_(Enemy)		7500	3	8	170	8	0	0	250	0	0	30	10	37	1	256	4			0		150	
162	ヤクザヴァンパイア	ヤクザヴァンパイア	Yakuza_Vampire_(Enemy)		40000	1	6	255	18	0	0	1200	0	0	70	13	87	2	256	4			0	22@20!90	893	
163	哈爾修特	ハルシュト	Hearscht_(Enemy)		450000	5	14	600	14	0	0	15000	0	0	88	49	101	1	256	4			0	4&40	1500	
164	可納莉亞	コーネリア	Cornelia_(Enemy)		99999	3	13	430	53	0	0	900	0	0	100	21	152	2	2	4			0		300	
165	阿洛伊斯	アロイス	Alois_(Enemy)		5000	2	12	270	28	0	0	450	0	0	20	26	54	2	256	4			0		250	
166	喵化癒術士	にゃんこ化癒術士	Healer_Cat		1255500	5	23	330	20	0	0	8850	0	0	60	26	79	2	256	4			0	22@50!30	1400	
167	汪仔星人	エイリワン	Shibalien	被宇宙侵略者改造了身型的狗仔。|雖然口頭禪是「同胞們ー」|卻非常不擅長集體活動。|最近報名了考試卻完全無法融入學校生活。	900	3	8	120	8	0	0	150	0	0	34	10	41	1	32	4			0		90	
168	鱷星宅宅	ワーニック	Kroxo	經由遠端教學而取得色彩規劃師資格|眼睛錯位的鱷魚。|秉持極簡主義而把身體染成藍色後|所謂的色彩規劃似乎這樣就結束了。	3000	4	8	130	6	0	0	900	0	0	26	12	31	1	32	4			0		130	
169	河馬星人	カーバチャン	Hyppoh	疑似被幽浮俘虜的河馬。|頭上突然長出了突起物而心情低落到|身心都變成藍色，因此老是說些|「完了完了要變外星人了」等一戳就破的謊。	7000	2	12	222	8	0	0	200	0	0	26	25	33	2	32	4			0		350	
170	斑海星人	ゴマサーマン	Imperator_Sael	希望早日成為明星一炮而紅|而從奧特星來到地球的海象。|初次見面一定不會忘記和對方握手。|總之是個禮儀端正的外星人。	15000	2	5	220	6	0	0	500	0	0	36	12	41	2	32	4			0	23@20!60	500	
171	蛾星女神	レディ・ガ	Maawth	因為奇特的外貌而擁有狂熱的粉絲|外型是蛾的星際偶像。在地球開的演唱會|吸引了很多粉絲，但那些粉絲誰也沒看他們|平安歸來過。有時候會讓敵人動作停止。	17777	1	15	370	34	0	0	777	0	0	0	54	88	18	34	4			0	22@30!60	1555	
172	眼猴星人	デカメガネル	LeMurr	雖然擁有能準確捕獲到兩光年外獵物|的大眼睛，但因為白天陽光太強結果|什麼都看不見。喜歡戴變色片。|有時候會讓敵人攻擊力下降。	20000	7	18	249	9	0	0	800	0	0	24	6	32	1	32	4			0	21@25!20!300	250	
173	寄居星人	ヤドカリー	Helmut_Krabbe	為了遮住長在屁股的「那玩意」而貸了|45年的房貸買了堅固的個人住宅|但興趣其實是每個禮拜都去展示屋閒晃。|死前可以存活一次。	9000	2	6	170	6	0	0	300	0	0	44	6	49	2	32	4			0	2&100	170	
174	臉星人	カヲルさん	I.M._Phace	臉君的移動式別墅。特別從某個星球|訂製的高級貨。由於很討厭被侵犯隱私|只要有人一接近他就會爆怒。|有時候會讓敵人動作停止。	44444	4	11	366	37	0	0	1333	0	0	30	21	66	2	34	4			0	22@30!60	1111	
175	熊星人	クマンチュー	Ursamajor	在來地球的旅途中和同伴失散而無法回家|長得很像熊的外星人。|為了回到母星而去宇宙開發企業上班。|體力一減少攻擊力就會上升的激情小夥子。	30000	6	8	350	4	0	0	1000	0	0	64	5	67	2	32	4			0	1@50!100	1500	
176	破壞生物異星海蝶	破壊生物クオリネン	Cli-One	為了破壞地球而被送過來的超破壞生命體。|本應如此但不小心搞錯而降落到月球上|每天過著製造隕石坑的日子。|可以使敵人攻擊力下降。	120000	8	3	760	71	0	0	1400	0	0	240	74	310	2	34	4			0	21@20!10!300	5000	
177	豬大哥	イノヴァルカン	Nimoy_Bore	因為留著馬桶蓋頭而被星探相中|以冷面笑匠出名的野豬。|被大猩猩點出弱點後大受打擊而|惱羞逃亡中。會撞飛眼前的一切事物。	160000	2	9	125	8	0	0	1799	0	0	10	3	17	2	32	4			0	30@50	1800	
178	伊麗莎白56世	エリザベス56世	Elizabeth_the_LVIth	豬小屋王國第56代女王。第7代因|吃香菇時被噎到窒息的時候變成藍色。|最近戴上了在後院撿到的王冠|身體就自己動了起來，還會發射波動。	60000	4	10	170	12	0	0	250	0	0	46	10	57	2	32	4			0	13@100!3	500	
179	異星旋風	スペースサイクロン	Cosmic_Cyclone	由黑洞中誕生的宇宙大漩渦。|一靠近就會被破壞殆盡的恐怖敵人。|若能從遠距離來妨礙他的話或許還有勝算!?|自己快消滅時破壞力就會增強	1499999	3	4	240	1	0	0	9999	0	0	0	4	5	18	34	4			0	21@10!10!300|1@30!200	999	
180	銀河貓彈	ギャラクシーニャンダム	Galactic_Overseer_Nyandam	指尖碰觸一下就可以交換電話|是個最新型的異星戰士。|覺得自己每天都發信但應該沒有收信功能。|有時候使敵人動作變慢。	144444	3	2	600	104	0	0	4444	0	0	180	29	283	2	32	4			0	23@50!120	3000	
181	反叛的瓦爾基麗貓	反逆のヴァルキリー	Corrupted_Valkyrie	舞廳跳舞後疲累的回家路上|因為不小心把敵人受詛咒的武器帶回來|而變成要去單挑貓咪軍團的女神。|受詛咒的槍讓體力減弱時攻擊力增加。	555555	5	18	350	20	0	0	7000	0	0	40	29	59	2	34	4			0	1@40!100	2222	
182	異星袋拳	ハサミーマン	Scissoroo	前SBA宇宙業餘拳擊冠軍。|戴著從不明外星人那裡得到的手套在|比賽中發出怪異光線而導至違規落敗。|擁有被協會逐出的過去和打飛敵人的能力。	24000	3	24	199	12	0	0	2800	0	0	2	39	51	18	32	4			0	30@20	700	
183	CyberX	サイバーX	Cyberhorn	用拿手的網路技能得知貓咪大戰爭的上市|一心想阻止貓咪們的侵略行為而前往地球|但因為走得太慢了|所以在「未來篇第２章」才登場。	120000	1	4	60	8	0	0	2200	0	0	0	8	16	2	32	4			0		800	
184	異星貴賓	プドール夫人	Mistress_Celeboodle	出生於宇宙曆1192年某政治家的千金。|不僅有美貌，還有才能擔任搞笑藝人的|吐槽擔當。搭檔是吉娃娃伯爵。|體力變少的話就會拿出真本事。	4500	4	15	160	17	0	0	3750	0	0	0	24	41	17	32	4			0	1@75!100	1000	
185	豪豬教授	教授	Professor_A.	因撰寫青春期少女一書「江口高校」|而一躍成名的官能小說家。|現任職豪豬大學文學科教授執教鞭。|與女性交往的次數當然是零。	320000	4	4	501	1	0	0	6800	0	0	0	23	24	18	1	4			0	23@20!60	2000	
186			DL_Anniversary_Birthday_Cake_(Event_Enemy)		100	1	4	110	5	0	0	1	0	0	0	45	50	17	8	4			0		2000	
187			Rathalos_(Enemy)		300000	4	4	520	73	0	0	7040	0	0	270	48	342	2	2	4			0	1@75!25	2250	
188			Rathian_(Enemy)		480000	2	6	320	45	0	0	9900	0	0	86	56	130	2	2	4			0	21@50!50!200|1@50!50	1800	
189	火星人		MARS_PEOPLE_(Enemy)		125	2	7	300	77	0	0	50	0	0	0	19	96	1	256	4			0		60	
190	惡魔化身·莫丁		DONALD_MORDEN_(Enemy)		450000	2	4	420	15	0	0	11500	0	0	120	29	134	2	256	4			0		1900	
191	艾倫·歐尼爾		ALLEN_O'NEIL_(Enemy)		6000	2	8	400	1	0	0	600	0	0	0	105	106	17	256	4			0	2&100	450	
192	馬可		MARCO_(Enemy)		1500	2	8	160	2	0	0	125	0	0	60	36	61	2	256	4			0		180	
193	SV-001		SV-001_(Enemy)		7500	3	24	400	15	0	0	400	0	0	50	13	64	1	256	4			0		600	
194	超巨型戰車		HUGE_HERMIT_(Enemy)		60000	1	7	166	9	0	0	1111	0	0	32	2	40	2	256	4			0		1000	
195	木星王者		JUPITER_KING_(Enemy)		250000	1	5	570	38	0	0	7500	0	0	360	28	397	2	256	4			0	30@100	1800	
196	海德		HI-DO_(Enemy)		750000	3	6	480	33	0	0	21000	0	0	310	56	342	2	2	4			0		2100	
197	南瓜狗仔	わんぷきん	Pumpkin_Doge		540	2	5	110	15	0	0	24	0	0	40	11	54	1	256	4			0		90	
198	眉毛伯爵	まゆげ伯爵	Count_Owlbrow		166000	2	12	370	44	0	0	6600	0	0	0	72	116	18	2	4			0	30@50|23@50!90	1600	
199	黑蝙蝠	ドバット	Vlad_de_Sable		6300	3	16	200	5	0	0	800	0	0	40	6	44	2	2	4			0		150	
200			Junior_God_of_Light_-_Valkyrie_(Enemy)		2400	3	7	280	10	0	0	120	0	0	40	14	49	1	2	4			0		250	
201			Junior_God_Brynhildr_(Enemy)		30000	4	8	250	9	0	0	800	0	0	20	17	28	1	2	4			0		660	
202			Junior_God_Suruzu_(Enemy)		45000	2	6	300	9	0	0	1888	0	0	70	17	78	2	2	4			0		990	
203			Goddess_of_Abundance_-_Freya_(Enemy)		165000	3	5	700	40	0	0	100	0	0	200	33	239	2	2	4			0	23@75!120	1250	
204			God_of_War_-_Odin_(Enemy)		550000	4	4	555	54	0	0	15500	0	0	306	27	359	2	256	4			0		2500	
205	披著水豚皮的水豚	カルピンチョ	Capy	注重健康養生的水豚。座右銘是|飯要細嚼慢嚥，溫泉要泡到昏頭。|看起來走得很慢，實際上走得更慢。|有時候會使出會心一擊。	530000	3	7	335	14	0	0	52000	0	0	40	17	53	1	1	4			0	4&15	350	
206	戰鬥無尾熊球	バトルコアラッキョ	Berserkory	寄居在戰鬥貓家，突然發奮做起菜來的|古怪無尾熊。但因爲用了太多高級食材|所以被趕了出去。在夕陽的照耀下，|他終於領悟了「波動」的奧秘。	920000	1	5	160	21	0	0	7444	0	0	40	9	60	2	1	4			0	13@100!12	900	
207	燕梓南	ツバメンズ	Brollow	最想在上學途中撞上的男性偶像團體成員之一。|只要叼著吐司上學就一定遇得到的親和作風|讓人氣持續上揚！動不動就失去記憶的傻瓜個性|也挑動了無數純真少女的心。	19000	10	99	150	1	0	0	15000	0	0	0	136	137	18	2	4			0		150	
208	小魷	よっちゃん	Calamary	不含任何色素的道地江戶半透明異星戰士。|口頭禪是「魷什麼不好！」|在太陽系是個頗有名氣且技術高超的美容師。|能夠大幅降低目標的攻擊力。	45000	1	5	500	15	0	0	1200	0	0	50	41	64	2	34	4			0	21@50!10!150	600	
209	羊駝背	アルパッカ	Alpacky	穿上絨毛變成羊駝的駱駝。|雖然感冒讓他不停打噴嚏|但他還不知道其實吐口水|是他與生俱來的自衛本能。	175000	2	6	550	11	0	0	1750	0	0	80	36	90	2	32	4			0	3&|1@1!900|2&100	1200	
210	善哉	ヨキカナ	Elder_Sloth	在宇宙某個角落的VIP專用溫泉旅館裡|度過餘生的老樹懶爺爺。|溫泉的效用讓他戰鬥力大增|不只能打飛敵人還學會了神速。	360000	2	12	500	27	0	0	12500	0	0	350	49	376	2	32	4			0	30@100	1500	
211	寄生噴噴	パラサイトブンブン	Bun_Bun_Symbiote	寄生到噴噴老師體內的恐怖異星戰士。|河馬星人透露，他混進學校裡不斷|寄生到學生體內，企圖大量繁殖那玩意。|偶爾會使用波動。	750000	5	18	200	20	0	0	8888	0	0	0	11	31	2	34	4			0	13@5!1	4000	
212	暴走姆特貓	暴走のネコムート	Raging_Bahamut_Cat	從玩偶服的封印中解放，爲了再次|毀滅世界而展翅高飛。|逐漸覺醒的強大力量使他無法控制自己|而到處大肆破壞。	1222222	10	40	320	5	10	20	44000	222	222	0	15	35	18	34	7			0		4444	
213	聖誕紅粥董	ナカイサンタ	Christmas_D.		122500	10	20	300	20	0	0	5963	0	0	30	21	49	2	1	4			0	30@30	1225	
214	劍士	剣士	Castle_Guard		1800	3	7	150	11	0	0	90	0	0	34	12	44	1	256	4			0		50	
215	騎馬兵	騎馬兵	Castle_Horseman		5000	4	15	175	20	0	0	225	0	0	20	12	39	1	256	4			0		150	
216	阿修羅	アシュラ	Ashura_(Enemy)		22500	2	6	240	16	0	0	999	0	0	40	26	55	2	256	4			0	30@30	360	
217	戰鬥熱氣球	バトルバルーン	Battle_Balloon_(Enemy)		35000	1	4	333	16	0	0	1000	0	0	30	17	45	2	2	4			0		800	
218	龍騎士	ドラゴンライダー	Dragon_Rider_(Enemy)		40000	3	6	300	23	0	0	2250	0	0	40	12	62	1	2	4			0		400	
219	萌貓女	プリティキャット	Pretty_Cat_(Enemy)		50000	4	10	255	22	0	0	2666	0	0	0	25	47	18	256	4			0		666	
220	獨眼藍胖	サイクロプス	Cyclops_(Enemy)		160000	2	5	420	37	0	0	4500	0	0	80	19	116	2	256	4			0		1500	
221	巨魔像	ゴーレム	Golem_(Enemy)		225000	1	2	500	16	0	0	10000	0	0	350	17	365	2	256	4			0	23@50!120	2000	
222	明王劍士	明王の剣士	Wise_Swordsman		2400	3	7	150	11	0	0	120	0	0	34	12	44	1	256	4			0		50	
223	勇猛黑騎兵	迅雷の黒騎馬兵	Black_Thunder_Rider		6500	4	18	175	20	0	0	255	0	0	20	12	39	1	256	4			0		150	
224	羅睺阿修羅	傾奇者アシュラ	Kabuki_Ashura		27500	2	6	240	16	0	0	1111	0	0	40	26	55	2	256	4			0	30@50	360	
225	UFO戰鬥熱氣球	バトルバルーンUFO	Battle_UFO		40000	1	4	333	16	0	0	1200	0	0	30	17	45	2	2	4			0		800	
226	火龍騎士	フレイムドラゴンライダー	Flame_Dragon_Rider_(Enemy)		45000	3	6	300	23	0	0	2500	0	0	40	12	62	1	2	4			0		400	
227	虛擬萌貓女	サイバープリティキャット	Cyber_Pretty_Cat_(Enemy)		55000	4	10	255	22	0	0	3333	0	0	0	25	47	18	256	4			0		666	
228	時空獨眼藍胖	時空のサイクロプス	4D_Cyclops		200000	2	5	420	37	0	0	4750	0	0	80	19	116	2	256	4			0		1500	
229	火山巨魔像	ボルケーノゴーレム	Volcano_Golem_(Enemy)		250000	1	3	500	16	0	0	11111	0	0	350	17	365	2	256	4			0	23@75!120	2000	
230	囚犯貓	にゃんこ囚人	Prisoner_Cat_(Enemy)		1500000	4	5	525	32	0	0	12000	0	0	90	39	121	6	256	4	500	200	0		1555	
231	紳士貓同盟	ネコ紳士同盟	Gentleman_Bros._(Enemy)		750000	3	6	499	18	0	0	4000	0	0	192	28	209	2	256	4			0	22@100!90	1500	
232	斷罪天使海蝶	断罪天使クオリネル	Cruel_Angel_Clionel	為了審判這個腐敗世界|而從天界來的使者。|也是一名溺愛孩子的怪獸家長。|如果能巧妙通過超長射程的遠距攻擊...	2400000	4	4	600	71	0	0	32000	0	0	0	74	145	22	16	4	400	800	0	23@30!120	5000	
233	神燈貓	ニャラジン	Nyalladin_(Enemy)		900000	4	10	190	51	0	0	6450	0	0	0	14	65	2	2	4			0	13@100!1	1600	
234	摔角女貓	サホリ	Wrestling_Cat_(Enemy)		2400000	3	4	300	18	0	0	17500	0	0	20	11	37	1	256	4			0		2000	
235	鼴小龍	ドリュウ	Mr._Mole	在推特上說「我要去找比我更強的鼴鼠」後，|朝著成為格鬥家而前進的鼴鼠。|獨自學習的「昇土龍拳」讓他|有了遠距攻擊與打飛敵人的技能。	420000	8	4	450	61	0	0	4500	0	0	60	45	120	6	256	4	350	550	0	30@100	900	
236	颶風旋風	ハリケーンサイクロン	The_Perfect_Cyclone	異常氣象中誕生的超大型猛烈大渦，|遠距離攻撃不留情的暴風|是不允許任何人踏入地盤的。|據說越近颱風眼時暴風會停止...	750000	3	4	650	1	0	0	3666	0	0	0	5	6	22	2	4	250	400	0		3000	
237			Nyamusu_(Enemy)		140000	2	7	450	50	0	0	8000	0	0	190	26	239	2	256	4			0	22@75!60	1500	
238			Pochi_(Enemy)		35000	3	12	175	16	0	0	8000	0	0	60	51	75	1	256	4			0		500	
239			Kuromi_(Enemy)		12000	4	15	150	11	19	0	1500	1500	0	12	12	31	1	256	6			0		150	
240			Setsuko_(Enemy)		70000	1	5	350	30	0	0	6000	0	0	120	51	149	2	256	4			0	30@50	750	
241			Nebaaru-kun_(Enemy)		120000	3	10	420	28	0	0	5000	0	0	180	73	207	2	256	4			0	23@75!90	1000	
242	大狂亂摩西根貓	大狂乱のネコモヒカン	Manic_Mohawk_Cat_(Enemy)		4800000	3	8	240	8	0	0	13880	0	0	0	10	18	18	256	4			0		1980	
243	大狂亂橡皮貓	大狂乱のゴムネコ	Manic_Eraser_Cat_(Enemy)		4800000	1	2	390	8	0	0	45360	0	0	60	8	67	2	256	4			0	3&	2370	
244	大狂亂暗黑貓	大狂乱の暗黒ネコ	Manic_Dark_Cat_(Enemy)		2100000	3	7	360	8	0	0	6800	0	0	0	8	16	2	256	4			0	22@65!150	2000	
245	大狂亂筋肉美腿貓	大狂乱のムキあしネコ	Manic_Macho_Legs_(Enemy)		300000	2	6	100	8	0	0	9990	0	0	40	4	47	2	256	4			0	13@100!4	810	
246	大狂亂獅子貓	大狂乱のネコライオン	Manic_Lion_Cat_(Enemy)		300000	2	28	100	6	0	0	6600	0	0	0	4	10	1	256	4			0		300	
247	大狂亂天空之貓	大狂乱の天空のネコ	Manic_Flying_Cat_(Enemy)		2680000	1	2	640	20	0	0	32000	0	0	150	21	169	2	2	4			0		1999	
248	大狂亂島貓	大狂乱のネコ島	Manic_Island_Cat_(Enemy)		227000	1	6	260	10	0	0	10200	0	0	0	8	18	2	256	4			0	4&3	520	
249	大狂亂龍王貓	大狂乱のネコキングドラゴン	Manic_King_Dragon_(Enemy)		700000	8	7	785	10	0	0	2900	0	0	40	19	49	2	256	4			0		1350	
250	大狂亂賈拉米貓	大狂乱のネコジャラミ	Manic_Jamiera_Cat_(Enemy)		3560000	5	4	320	47	0	0	22000	0	0	0	34	81	2	256	4			0	30@100|23@50!200|13@25!7	2125	
251	超越熱吻之戀	キスヨリ・ス・ゴイ	Kiss_and_Koi_(Enemy)		650000	4	30	400	8	0	0	8500	0	0	54	11	61	2	2	4			0		1500	
252	大草原太太	マダム・ザ・サバンナ	Madam_the_Savannah_(Enemy)		1222200	2	8	270	12	20	28	4800	4800	4800	0	6	34	18	256	7			0	2&100	1500	
253	總機的ＯＬ	コールセンターのＯＬ	Call_Center_Cat_(Enemy)		400000	2	6	360	80	0	0	12500	0	0	0	36	116	2	256	4			0	30@50	1800	
254	天使先生	ミスターエンジェル	Mr._Angel	動不動就強迫別人接受他的意見|是個讓人相當爲難的天使。如果不聼|他的意見，還會給你呼個愛的巴掌。|口頭禪是「攏是為著你啦」。	13500	8	45	160	9	0	0	1600	0	0	20	10	28	2	16	4			0	21@30!50!150	75	
255	大嘴武哥	キョセーヌ	Two_Can	前職為知名益智節目主持人。現在|在國外天天打高爾夫度日，只要|一缺錢就回老家電視台海撈一筆後，|立刻又離去的候鳥。會發射波動。	250000	4	10	240	32	0	0	12000	0	0	100	44	131	1	5	4			0	13@100!2	950	
256	必殺達也	タッちゃん	Tackey	爲了實現弟弟生前與童年玩伴|約定的夢想而努力的極惡牛棚投手。|從遠處投出的必殺魔球|可以讓兩隊都結束比賽。	128000	2	6	400	32	0	0	9000	0	0	90	19	121	6	4	4	600	250	0		600	
257	吉娃娃伯爵	チワワン伯爵	King_Wahwah	宇宙曆1196年，作為畫家之子出生。|靠著世所罕見的勤勉晉升伯爵職位的藝人。|搭擋是異星貴賓，自己擔任被吐嘈一角。|其弟汪汪則是有名的宇宙界NO.1男公關	1000000	25	5	600	39	69	98	8000	8000	8000	172	16	269	10	256	7	1000|1000|1000	-1500|-1500|-1500	0	30@100	9999	
258	狗仔紅帽咪娜	わんこずきんミーニャ	"Codename_""Red_Riding"""	狗仔軍團所雇用的森林女孩系刺客。|為執行任務會使用任何卑鄙的手段。|是個會用火箭砲對貓咪城進行超遠距離攻擊|不可輕忽的危險敵人。	1200000	1	5	1500	76	0	0	22222	0	0	526	69	601	6	256	4	2800	900	0		5000	
259	拓也與美腿小雪	タクヤとビューティユキ	Takuya_and_Lovely_Yuki_(Enemy)		750000	3	22	410	22	0	0	8800	0	0	100	39	121	2	256	4			0		1980	
260	風箏貓	凧にゃん	Kite_Cat_(Enemy)		500000	3	6	450	54	0	0	7500	0	0	0	67	121	22	256	4	400	150	0		1200	
261	天使野豬	イノエンジェル	Boraphim	某名偵探事務所的最高顧問，|也是天界中耳熟能詳音樂|作曲家的大弟子。代表作有|「貓型電腦作戰」「貓咪道樂」等。	1440000	5	24	155	8	0	0	17700	0	0	0	3	11	2	16	4			0		2000	
262	太鼓狗仔	やぐらわんこ	Ritual_Drum_Doge		300000	1	0	1800	52	0	0	100	0	0	200	27	251	2	256	4			0	22@100!30	1600	
263	坑錢一族	ぼったくラッコ	Festive_Otter		120000	2	9	180	14	0	0	2497	0	0	0	9	23	2	256	4			0	30@50	600	
264	菇菇		Funghi_(Enemy)		360	3	6	125	52	0	0	70	0	0	0	61	113	17	256	4			0		60	
265	剛拳貓Ｇ	剛拳にゃんこG	Iron_Claw_X_(Enemy)		1200000	5	6	410	11	15	35	8000	2000	30000	0	26	61	17	256	7			0	30@100	2200	
266	小光	ヒカル	Henry	９次指考落榜。勤勉讀書之餘獨自研究出|的怪光線可以使考生們的動作停止|但也因此被考官強制退場。|弱點是來自父母給的壓力。	1000000	4	4	450	27	0	0	2500	0	0	174	66	200	6	256	4	650	650	0	22@100!200	1800	
267	般若我王	般若我王	Hannya	戴上受到詛咒的般若面具後吞噬了|無數無法成佛的靈魂而變成鬼的樣貌|若是觸碰到由他口中吐出來的怨魂|則會恐懼到無法發揮原本的實力。	1000000	3	3	800	24	0	0	36000	0	0	128	17	151	2	1	4			0	21@100!25!150	4500	
268			Package_Doge_(Event_Enemy)		100	1	0	200	499	0	0	1	0	0	0	10	509	1	8	4			0		1500	
269			Futenyan_(Enemy)		700	2	6	135	27	0	0	130	0	0	90	39	116	2	256	4			0		300	
270	倒棒貓	ネコ棒倒し	Rampage_Cats_(Enemy)		250000	4	6	500	8	0	0	1250	0	0	32	10	39	2	256	4			0		800	
271	森蜜子	森の蜜子	Queen_B	君臨夜店區的女王。有著被曾是|女公關的母蜂遺棄的悲傷過去。|特別重視與客人間的距離，會用毒針|刺向不經意靠近的客人使其動作變慢。	1555555	5	3	999	36	0	0	12222	0	0	64	45	99	6	34	4	888	444	0	23@100!222	4444	
272	小噴噴	ちびぶんぶん	Li'l_Bun_Bun	在敏捷小巨人比賽中打倒裁判|與其他家長而成為話題的小學生。|是個好學者，目標是成為與父親一樣的|老師，最喜歡的單字是愛情。 	29997	5	38	150	20	0	0	1125	0	0	0	11	31	2	2	4			0		300	
273	玫瑰園的魔女		Gertrud_(Witch)		150000	3	7	320	49	0	0	7500	0	0	0	72	121	18	1024	4			0		1200	
274	零食的魔女		Charlotte_(Snake)_(Witch)		300000	2	8	380	65	0	0	12000	0	0	0	46	111	2	1024	4			0		1500	
275	蓓蓓		Charlotte_(Doll)_(Witch)		30000	2	5	150	25	0	0	6000	0	0	40	21	64	2	1024	4			0		500	
276	箱的魔女		Kirsten_(Witch)		750000	3	9	250	9	0	0	20000	0	0	0	37	46	18	1024	4			0		2000	
277	舞台裝置的魔女		Walpurgisnacht_(Witch)		2400000	2	8	400	111	0	0	40000	0	0	0	40	151	10	1024	4	1500	-3500	47	23@100!75|4&100|3&	8000	
278	丘比		Kyubey_(form_1)_(Enemy)		3000	3	9	145	26	0	0	600	0	0	40	25	65	1	256	4			0		150	
279	火舞貓	ネコ火祭り	Ritual_Cat_(Enemy)		724300	2	6	350	22	0	0	11111	0	0	40	29	61	2	256	4			0	1@50!100	1250	
280	黑暗野豬	イノワール	Razorback	遊走黑暗世界，因為心腸黑暗使全身都變|黑的野豬。雖然出門前整理鬃毛的時間|要花上2小時但工作卻不曾因此遲到過。|有個壞習慣是鬃毛塌了就會整個抓狂暴怒。	1150000	2	36	145	8	0	0	20000	0	0	6	3	13	2	4	4			0	1@50!50	2000	
281	文化祭看板小妹	文化祭のカンバン娘	Festival_Sign_Girl		3600	3	6	330	6	0	0	80	0	0	48	8	53	2	256	4			0		300	
282	促銷妹小雞	売り子エル	Vendor_El		96000	2	10	320	32	0	0	3600	0	0	0	29	61	2	256	4			0	21@50!50!150	480	
283	道場塔		Scarecrow_(Enemy_Base)		100	0	0	300	10	0	0	999999	0	0	600	27	609	2	4096	4			47		0	
284	不死狗仔	ゾンビワン	Zoge	應該是數年前已被埋葬的狗仔老爸。|因為擔心兒子是否好好念書而跑回家來。|快被人發現行蹤時就會潛到地面下|等其他人先走遠。	15000	2	8	100	8	0	0	1800	0	0	40	7	47	2	64	4			0	34@1!500|35@1!240!50	45	
285	不死扭扭蛇	にょろろん	Znache	常出現在墳場，看起來像扭扭蛇的生物。|有被誤認為是土龍過，|但在科學分類中接近蚯蚓。|最新的研究發現它是範圍攻擊。	16000	2	10	120	10	0	0	2000	0	0	28	7	37	2	64	4			0	34@1!1500|35@1!180!50	60	
286	不死河馬將	カバタリアン	Zomboe	散步中不經意掉落毒沼的河馬將。|那晚的毒液發作讓他喪命，|但是他本人卻不怎麼在意，|而最近開始在意的卻是自己的口臭。	40000	1	3	180	28	0	0	4000	0	0	30	5	57	2	64	4			0	23@30!120|34@1!625|35@1!360!50	200	
287	不死豬野郎	トンシー	Zigge	只是一隻戴上王室骷髏的豬(母的)|跟隨潮流挑戰讓自己熟成的結果卻失敗。|這樣的她有著個人口頭禪|「半生不熟尚介讚」	48000	2	8	160	14	0	0	3600	0	0	40	8	53	2	64	4			0	30@30|34@1!750|35@1!480!100	300	
288	不死企鵝大哥Z	ジャッキー・ペンZ	Zackie_Peng	如願以償的登上好萊塢之路但不知|為何覺得心靈非常空虛的企鵝。|身心變輕的好處是可以大動作武打|不過因為變成不死生物所以通告也都沒了。	42000	3	9	150	16	0	0	8000	0	0	0	11	27	1	64	4			0	34@1!1125|35@1!180!50	150	
289	不死大猩猩	ゴリ・ンジュ	Zory	長相兇狠。就因為這個理由從|冥界被強制遣返的大猩猩。|看見自己從頭部開始化為不死生物|而情緒低落，而又開始沉溺於賭博。	50000	2	15	165	8	0	0	3789	0	0	0	8	16	2	64	4			0	34@1!625|35@1!360!100	500	
290	不死斑海豹桑	ブチゴマさま	Zir_Zeal	想成為明星而從那個世界|來到人間，貌似海豹的生物。|通常仰躺在陰溝上期待哪天|能聽到人們為自己歡呼時的尖叫。	75000	2	12	170	6	0	0	4500	0	0	16	12	21	2	64	4			0	22@20!90|34@1!1500|35@1!480!50	450	
291	不死袋拳	スカルボクサー	Zang_Roo	一個使盡興奮劑來保持實力的|袋鼠拳擊手。傳說前陣子畫下|56年拳擊人生的句點是因為|開始無法分辨拳擊手套。	100000	2	18	175	1	8	16	6800	400	797	0	13	29	18	64	7			0	34@1!1125|35@1!240!100	900	
292	不死鱷魚	ワニボン	Zroco	餓死鬼鱷魚。|前往黃泉的途中用盡體力，|導致成以不死不活的模樣回到現世。|最近還被誤認為是啞鈴。	15000	1	15	120	6	0	0	5000	0	0	0	12	18	17	64	4			0	21@30!50!150|34@1!375|35@1!480!50	90	
293	墓手太郎	墓手太郎	Lord_Gravey	以為是狗仔老爸的墳墓但...究竟埋了誰呢？|生前是位保持著一顆少年之心的好人大叔，|但是因為被控告性騷擾，|而失去了生存意義的阿飄。	750000	2	4	250	22	0	0	15000	0	0	0	38	60	18	64	4			0	30@100|35@1!120!100	2500	
294	不死旋風	アンデッドサイクロン	Zyclone	集結了所有戰敗者們怨念的大渦。|靠近他者性命將全部被奪走，|自己卻可重生多次的可怕敵人。|有「終結不死」能力就可能防止他的重生…	1222222	4	4	120	1	0	0	44444	0	0	0	4	5	18	64	4			0	35@-1!120!100	3000	
295	聖誕樹幹蛋糕貓	フィッシュ・ド・ノエル	Xmas_Pudding_Cat_(Enemy)		1500000	3	10	250	8	0	0	8888	0	0	0	17	25	18	256	4			0		1800	
296	歌后貓EX	メガにゃんこEX	Mega_Cat_EX_(Enemy)		297	1	1	1500	160	0	0	99999	0	0	240	141	399	2	8	4			0		9999	
297			4th_Anniversary_Birthday_Cake_(Event_Enemy)		50	5	4	110	20	0	0	1	0	0	0	11	31	2	8	4			0		4	
298			Niconico_TV_(Enemy_Base)		100	1	0	300	50	0	0	999999	0	0	600	31	649	2	4096	4			47		0	
299			W_(form_1)_(Enemy)		50	1	60	100	4	0	0	80	0	0	40	14	43	1	2	4			0		10	
300			W_(form_2)_(Enemy)		50	1	30	100	4	0	0	80	0	0	40	14	43	1	2	4			0		10	
301			W_(form_3)_(Enemy)		50	1	40	100	4	0	0	80	0	0	40	14	43	1	2	4			0		10	
302			Neko_Hakase_(Enemy)		30000	3	10	145	11	0	0	900	0	0	40	14	50	1	256	4			0	4&20	450	
303	墓手花子	墓手花子	Miss_Haka	以為是狗仔姨媽之墓・・・那,是埋了誰呀！？|自從丈夫因騷擾案遭到拘留後|就過著悠閒生活直到158歲的超級銀髮族。|被埋葬後仍精神不死的背著墓碑四處遊玩。	720000	24	4	150	22	0	0	25000	0	0	0	38	60	18	64	4			0	34@-1!500|35@1!240!100	2500	
304	不死大鯢	オオさん	Big_Sal	連張開眼睛都嫌麻煩的|超怕麻煩大鯢魚。|職業棒球時代曾以「4腳打法」率領隊伍優勝。|引退後也改不了那挖地道來躲避觸殺的習慣。	300000	1	3	120	111	0	0	60000	0	0	0	40	151	2	64	4			0	3&|34@-1!250|35@1!120!50	2000	
305			Pikotaro_(Enemy)		100	1	4	500	145	0	0	99999	0	0	290	79	434	2	8	4			0		5000	
306	澎湃猛獁	パオンモス	Le'mammoth		120000	1	5	400	6	0	0	3200	0	0	160	10	165	2	256	4			0	13@100!3	1600	
307	冰牆狗仔	アイスわんこ	Ice_Doge		36000	1	3	120	8	0	0	600	0	0	80	8	87	2	256	4			0		360	
308	雪球	雪玉	Snowball		1	1	75	100	1	0	0	400	0	0	0	8001	8002	17	2	4			0		1	
309	棺材狗	ヒツギイヌ	Coffin_Zoge	自古以來就有的狗科不死生物。|這品種瀕臨絕種但有學者認爲牠|「到處都是」，至今仍爭議不斷。|正式學名為「棺材形・斑點・獵犬」	40000	1	4	120	8	0	0	650	0	0	60	8	67	2	64	4			0	35@-1!60!100	300	
310	凹凸駝背	キャベロン	Zamelle	看雜誌介紹做了美背整形手術之後|因爲副作用而不死化。有著不會出汗|很受歡迎的體形，但是本人卻沒發現|那其實是駱駝天生具備的功能。	120000	1	6	550	11	0	0	5937	0	0	80	36	90	2	64	4			0	3&|35@-1!240!100	1500	
311	殺意貓	殺意のネコ	Killer_Cat_(Enemy)		3600	3	15	140	8	0	0	240	0	0	30	10	37	1	4	4			0		100	
312	損毀的波動塔		Corrupted_Cat_Base_(Enemy_Base)		3000	1	0	500	2	0	0	100	0	0	750	19	751	1	0	4			47	13@100!20	0	
313	三原慧悟		Hiroshi_Mihara_(Enemy)		50	3	4	300	39	0	0	99999	0	0	300	30	338	2	8	4			0		5000	
314			Nazousagi_(Enemy)		40000	3	6	330	21	0	0	1600	0	0	68	31	88	2	4	4			0		500	
315	波動塔		Doge_Base_(Enemy_Base)		1500	1	0	1000	2	0	0	50	0	0	750	10	751	1	0	4			47	13@100!20	0	
316	犬武者 武藏	犬武者 武蔵	Inumusha	在演出舞臺劇「巖流島之戰」時，|因爲用到了鬧鬼的小道具而|給狗仔附身的不幸貧窮演員。|萬一離他太近，那遭詛咒的城就有可能動起來…	800000	50	5	600	42	0	0	40000	0	0	158	93	199	2	64	4			0	35@1!120!25	4000	
317	亡者肥普	亡者デブウ	Daboo_of_the_Dead	總是被父母告誡：|「不好好讀書，長大當不成不死生物」。|看似很炫的書套包著的其實是漫畫。|可使各種帶有妨害效果的能力無效化。	3000000	3	4	300	91	0	0	30000	0	0	300	45	390	10	64	4	800	-1500	46	23@100!300|35@-1!600!10	4444	
318	海豚姑娘	イルカ娘	Dolphina	搭火車從東京回來的海豚女兒。|反省年少輕狂的過去，|現在很認真的在工作。|但是上禮拜只有遲到三次??	450000	30	36	150	44	0	0	7500	0	0	60	30	103	6	256	4	350	300	0		750	
319	奇蹟調和莫比烏斯		Mobius_(Enemy)		400000	3	6	520	71	0	0	13333	0	0	334	50	404	2	2	4			0		3000	
320	猛進大叛徒貝利亞		Belial_(Enemy)		100000	8	33	320	56	0	0	4000	0	0	0	65	121	18	256	4			0	1@50!50	900	
321	幸福連鎖哈皮100		Happy_100_(Enemy)		20000	3	12	300	38	0	0	1200	0	0	0	37	75	2	2	4			0		200	
322	小小摩西根貓	ちびネコモヒカン	Li'l_Mohawk_Cat_(Enemy)		3200000	3	4	240	8	0	0	10880	0	0	0	10	18	18	256	4			0		1980	
323	小小橡皮貓	ちびゴムネコ	Li'l_Eraser_Cat_(Enemy)		2400000	1	2	390	8	0	0	30240	0	0	50	8	57	2	256	4			0		2370	
324	小小暗黑貓	ちび暗黒ネコ	Li'l_Dark_Cat_(Enemy)		2100000	3	7	360	8	0	0	5500	0	0	0	8	16	2	256	4			0	22@50!150	2000	
325	小小筋肉美腿貓	ちびムキあしネコ	Li'l_Macho_Legs_Cat_(Enemy)		200000	2	6	100	6	0	0	5990	0	0	40	6	45	2	256	4			0	13@100!3	810	
326	小小獅子貓	ちびネコライオン	Li'l_Lion_Cat_(Enemy)		300000	2	28	100	6	0	0	5900	0	0	0	4	10	1	256	4			0		300	
327	小小天空之貓	天空のちびネコ	Li'l_Flying_Cat_(Enemy)		1780000	1	2	640	18	0	0	22000	0	0	150	16	167	2	2	4			0		1999	
328	小小島貓	ちびネコ島	Li'l_Island_Cat_(Enemy)		247000	1	8	260	10	0	0	8400	0	0	0	19	29	18	256	4			0	4&5	320	
329	小小龍王貓	ちびネコキングドラゴン	Li'l_King_Dragon_Cat_(Enemy)		300000	4	7	755	8	0	0	3500	0	0	40	8	47	2	256	4			0		1350	
330	小小賈拉米貓	ちびネコジャラミ	Li'l_Jamiera_Cat_(Enemy)		2560000	5	4	320	18	0	0	12000	0	0	60	8	77	2	256	4			0	13@90!7	2125	
331	復活節大鴨	イースタールンルン	Easter_Duche		150000	2	8	250	12	24	0	1800	1800	0	0	17	41	18	256	6			0		800	
332	復活節臭老兔	イースターウサ銀	Easter_B.B.Bunny		25000	3	17	200	12	0	0	1500	0	0	24	4	35	1	256	4			0	30@50	360	
333	摩艾石像		Moai_Statue_(Enemy_Base)		1200	1	0	600	12	0	0	15	0	0	120	22	131	2	0	4			47		0	
334			Bridal_Princess_Punt_(Enemy)		35000	1	35	1300	4	0	0	5200	0	0	0	177	181	18	256	4			0	30@100	3000	
335			Oversleeping_Beauty_Punt_(Enemy)		800000	4	5	350	12	0	0	8500	0	0	50	24	61	2	256	4			0		2600	
336	黃金狗仔	ゴールデンわんこ	Golden_Doge		1500	2	10	110	8	0	0	300	0	0	30	10	37	1	256	4			0		750	
337	金河馬將	金カバちゃん	Gold_Hippoe		40000	1	6	210	8	0	0	1000	0	0	40	10	47	2	256	4			0	22@20!90	2000	
338	鴕鳥愛黃金	純金倶楽部	Pure_Gold_R.Ost		20	3	16	260	4	0	0	2400	0	0	0	13	17	18	8	4			0		540	
339	失去世界的小雪	失われし世界のユキ	Lost_World_Yuki_(Enemy)		100000	3	6	480	43	0	0	3800	0	0	200	58	242	2	2	4			0	21@100!50!120	2222	
340	炸烏賊天使	イカ天	Cala_Maria	壯志未酬就給抓去炸成天婦羅|羽翼也變了形的天使。|強項是用他那炸到超硬的手搥背|被搥到的人一定馬上升天	360000	2	8	500	15	28	41	36000	36000	36000	50	20	90	1	16	7			0		900	
341	紅色鼻涕蟲	なめ（赤）	Red_Slug		10000	2	8	140	27	0	0	750	0	0	30	11	56	1	1	4			0		200	
342	黑色鼻涕蟲	なめ（黒）	Black_Slug		30000	4	15	170	27	0	0	1250	0	0	20	11	46	2	4	4			0		500	
343	天使鼻涕蟲	なめ（天使）	Angelic_Slug		75000	3	6	300	27	0	0	3300	0	0	40	11	66	2	16	4			0	23@30!120	800	
344	貓咪賽車G	にゃんこカートP	Cat_Kart_P_(Enemy)		750000	5	24	350	25	50	70	17500	17500	17500	0	30	100	17	256	7			0		960	
345	跆拳貓ＳＰ	ネコンドーSP	Nekondo_SP_(Enemy)		150000	3	9	300	11	0	0	500	0	0	40	26	50	1	256	4			0	13@100!2	3333	
346	貓咪與梅露可	にゃんことメルク	Merc_&_Cat		99000	2	34	155	1	0	0	15000	0	0	0	158	159	18	256	4			0	4&5	190	
347	貓咪推推	ネコティティ	Titi_Cat		1000000	4	8	350	30	39	48	9000	9000	9000	68	28	115	2	256	7			0	23@50!210	1600	
348	奧爾托斯	オルトス	Orthos_(Enemy)		4800	3	16	270	16	0	0	400	0	0	52	25	67	2	2	4			0		250	
349	米希利亞	ミシェリア	Michelia_(Enemy)		40000	4	8	440	29	0	0	2000	0	0	276	37	304	2	2	4			0		750	
350	留姬	とどめき	Todomeki_(Enemy)		320000	2	11	370	22	0	0	8000	0	0	86	45	107	2	2	4			0	23@50!120	1250	
351			Gudetama_Plate_(Enemy)		5000	3	10	125	21	0	0	799	0	0	0	38	59	17	256	4			0		150	
352			Gudegude_à_la_mode_(Enemy)		25000	2	6	250	10	0	0	1250	0	0	0	81	91	18	256	4			0	30@50	450	
353			Nisetama_Army_(Enemy)		120000	2	24	330	53	0	0	4999	0	0	0	31	84	2	256	4			0		900	
354	貓咪仙人	ネコ仙人	Hermit_Cat_(Enemy)	隱居在貓咪塔中，領悟了武術|真髓的傳說仙人。以對來訪者|進行實戰訓練及修練作爲打工。|最愛吃草莓麻糬。	4000000	12	8	255	27	34	52	22222	22222	22222	0	27	79	18	256	7			0	13@100!5	2222	
355	蛙助	ケロ助	Croakley	在電競中很有名的格鬥遊戲選手。|快要輸的時候就伸舌頭點選重新來過鍵！|面對全場的噓聲仍然一副不在乎的樣子|有著一身硬骨頭但是酒量差到不行。	360000	4	3	900	20	0	0	3789	0	0	130	21	149	6	256	4	1100	300	0	23@100!1800	800	
356	書呆子大猩猩	ガリゴリくん	Gary_Gory		36000	4	24	160	6	0	0	1500	0	0	0	10	16	18	256	4			0	1@50!100	450	
357	にゃんこバーガーセット	にゃんこバーガーセット	Value_Meal_Cat_(Enemy)		100000	3	6	360	18	0	0	3000	0	0	42	40	59	2	256	4			0		2000	
358	鋼鐵扭扭蛇	メタルにょろ	Metal_Snache		55	3	16	120	10	0	0	300	0	0	20	6	29	1	8	4			0		200	
359	離群樹懶賴	はぐれケモルル	THE_METAL_SLOTH		2400	2	24	300	27	0	0	2400	0	0	0	49	76	18	8	4			0		900	
360	精英汪仔星人	エリートエイリワン	Shibalien_Elite	宇宙階級一顆星的精英狗仔。|在銀河大學中為最年少學會傳送攻擊|雖然成功的依序從敵人中逃脫出來|但是卻怎麼也逃不出就業這個深淵	7000	3	12	120	8	0	0	500	0	0	30	8	37	1	32	4			0	31@35!10!750	100	1
361	宙星・企鵝大哥	スター・ペン	Star_Peng	在無數次實驗後發明了傳送能力|住在擁有高度文明的企鵝村的資深學者|現正在研究有效用腦的方式與傳達|如何健康側翻使頭腦更好。	14000	2	14	150	8	0	0	750	0	0	0	16	24	17	32	4			0	31@100!100!500	450	1
362	宙猩將軍	グレゴリー将軍	General_GreGory	面貌猙獰。就因為這個理由讓他|被選為顏面精英猩猩大將軍。|散發著令人不敢接近的壓力|但其實只是怕生。(這個說法比較好!)	15000	5	15	165	8	0	0	567	0	0	0	8	16	2	32	4			0	38@6000	500	1
363	澎湃媽	ハハパオン	Le'Solar	體格如鐵壁擁有母性的母象媽媽|象兒子也長大了，所以開始|每週三天做著侵略宇宙的打工|曾有過一段出現在性感影片的黑暗歷史	10000	1	4	400	8	0	0	1147	0	0	180	8	187	2	32	4			0	38@40000	1000	1
364	巨匠	巨匠	Project_A	憑空想像對方性感的一面|用那豪放的舌頭在畫布上作畫|妄想裸體畫作者第一人。|實際作品都未曾找過真人模特兒	12800	4	4	451	1	0	0	149	0	0	0	23	24	18	32	4			0	31@20!10!500	1500	1
365	鼴鼠隊長	キャプテン・モグー	Corporal_Weyland	執行保護宇宙和平活動的鼴鼠。|持續深入的搜查卻漸漸迷失了自己|在發出警告的同時揮舞他正義的鐵拳|把壞人傳送到某處。	16000	6	6	300	61	0	0	222	0	0	120	45	180	6	32	4	300	300	0	38@2500|31@30!40!250	750	1
366	宙星生化魚	スペースマンボルグ	Spacefish_Jones	飄留在宇宙的薄型生化兵器。|由於擅於使用隱形能力的超薄身形|從正面幾乎看不見他。不過別忘了|這個遊戲是從側邊來所以原形畢露。	30000	3	6	840	59	0	0	1234	0	0	240	62	298	2	34	4			0	38@12000	2222	1
367	神	神さま	The_Cat_God	哈囉！沒錯，我就是神。|「貓咪大戰爭」好玩嗎？|為滿足大家的好奇心，今天就來說說|我的成長歷程。那是我1歲夏天的故事了...	1399999	5	3	1000	90	120	150	17999	17999	17999	212	51	361	2	2	7			0		6000	2
368	Saber		Saber_(Enemy)		400000	8	36	300	15	0	0	8000	0	0	0	55	70	26	256	4	350	-700	0		1500	
369	Lancer		Lancer_(Enemy)		240000	3	10	550	44	0	0	5000	0	0	152	32	195	2	256	4			0	30@100	1600	
370	Archer		Archer_(Enemy)		300000	5	9	550	65	0	0	5555	0	0	118	58	182	6	256	4	400	400	0		1800	
371	Rider		Rider_(Enemy)		200000	4	10	450	40	0	0	6000	0	0	130	49	169	2	256	4			0	22@100!120	1500	
372	吉爾加美什		Gilgamesh_(Enemy)		1500000	8	6	600	64	68	74	5000	5000	5000	0	37	111	6	256	7	600|600|600	500|500|500	0	1@50!100	4000	
373	遠坂凜		Rin_Tohsaka_(Enemy)		20000	3	11	350	88	0	0	3500	0	0	0	33	121	2	256	4			0		2250	
374	伊莉雅蘇菲爾		Illyasviel_(Enemy)		100000	3	7	400	71	89	0	2800	2800	0	0	29	118	2	256	6			0	23@30!90	3000	
375	大夢君	大夢くん	Youcan	父母期望他能夠擁有遠大夢想|而取了這個好名字的天使鸚鵡。|學習人類說話被說很吵後飛離天界|成了在宇宙彷徨的候鳥。	50000	4	12	240	32	0	0	3333	0	0	150	44	181	2	48	4			0	38@266000|13@100!3	1250	1
376			5th_Anniversary_Birthday_Cake_(Event_Enemy)		100	1	3	110	30	0	0	1	0	0	0	20	50	2	8	4			0		4	
377	超級異星旋風	スーパースペースサイクロン	Super_Cosmic_Cyclone	包裹著閃亮星星的宇宙大漩渦。|必定對接近其身邊者使用傳送能力，|超低空飛行要浮不浮的夭壽敵人。|若能從遠距離來妨礙他的話或許還有勝算!?	666666	3	6	275	1	0	0	555	0	0	0	4	5	18	32	4			0	31@100!1!500	3333	1
378			5th_Anniversary_Scarecrow_(Enemy_Base)		100	0	0	300	10	0	0	999999	0	0	600	27	609	2	4096	4			47		0	
379	飛天小豬	天使ブッタ	Winged_Pigge	有著愛心形狀鼻子的可愛母豬。|只要看到她活蹦亂跳可愛的身影|誰都會失去鬥志。一個有力的學説|指出這是出自其回歸天界的本能。	800000	4	12	170	14	0	0	6000	0	0	0	8	22	10	16	4	340	-680	0	21@100!10!150	1200	
380	神秘假面烏拉拉	謎仮面のウララー	Mystic_Mask_Yulala	守護貓咪塔部族的長老。|遵從族中的規則，對訪塔的人們進行考驗|不過最近來訪的人漸少，|所以平常在學校教書以維持生計。	2250000	10	30	200	39	0	0	25000	0	0	0	22	61	10	256	4	400	-800	0	31@100!1!1500	3000	
381	貓塚花凜		Karin_Nekozuka_(Enemy)		320000	4	20	350	14	0	0	6000	0	0	88	27	101	2	256	4			0	22@100!60	1600	
382	紺野美崎		Misaki_Konno_(Enemy)		720000	2	12	160	29	0	0	20000	0	0	0	36	65	18	256	4			0		1400	
383	虹谷彩理		Sairi_Nijitani_(Enemy)		360000	3	10	300	17	0	0	8000	0	0	94	38	110	10	256	4	350	-700	0	21@100!50!150	1800	
384	片桐戀		Ren_Katagiri_(Enemy)		450000	3	6	150	17	0	0	4500	0	0	0	15	32	2	256	4			0	30@100	1500	
385			Hater_(Enemy)		50000	4	9	155	15	0	0	5000	0	0	42	12	56	1	256	4			0		150	
386	博士		Prof._Wild_Base_(Enemy_Base)		10000	1	0	750	36	0	0	100	0	0	264	13	299	2	0	4			47	21@100!50!150|23@100!150	0	
387	火馬	ヒウマ	Hackey	有著高壯鬥魂的熱血投手|為了隊友以自己的高體溫來溫暖板凳|把球點燃之後稱其為魔球，|然後從超遠處把它投來的難纏對手	248000	4	6	800	39	0	0	54000	0	0	268	27	306	6	1	4	1200	300	0		900	
388	激動咩咩	ウルトラメェメェ	UltraBaaBaa	全身是超硬護盾的宇宙羊。|身體的刺是特徵？其實只是睡覺壓到|實際上身體軟綿綿的但是難以接近牠|外表就是牠的自卑情結	500	3	10	110	14	0	0	1000	0	0	30	11	43	1	32	4			0	38@266000	75	1
389	及格野郎	合格野郎	Pigge_Victorious		30000	2	10	330	24	0	0	1000	0	0	0	8	32	2	1	4			0	30@30	250	
390	臘腸狗與機關槍	だっふんと機関銃	Bang-Bang		180000	1	8	240	2	0	0	7500	0	0	0	62	64	18	256	4			0	23@50!90	1000	
391			Mentori_(Enemy)		900	3	8	120	7	0	0	40	0	0	0	3	10	1	256	4			0		450	
392	第3使徒		Sachiel_(Eva_Angel)		120000	3	6	500	38	0	0	3000	0	0	0	65	103	18	512	4			0	30@100	3000	
393	第6使徒		Ramiel_(Eva_Angel)		100000	2	2	1000	130	0	0	15000	0	0	230	106	359	10	512	4	2000	-4500	0	3&	5000	
394	第9使徒		Bardiel_(Eva_Angel)		500000	4	4	475	92	0	0	15000	0	0	0	62	154	6	512	4	200	550	0	21@100!50!150	7000	
395	第10使徒		Zeruel_(Eva_Angel)		2500000	5	8	400	53	0	0	150000	0	0	128	78	180	10	512	4	900	-4500	47		9000	
396	狂亂萌貓	狂乱のもねこ	Crazed_Moneko_(Enemy)		2400000	12	5	240	4	19	139	20000	20000	20000	0	42	181	18	256	1			0	4&50|13@100!5	999	
397	狂亂偶像萌貓	狂乱のスターもねこ	Corrupted_Moneko_(Enemy)		2400000	12	5	240	4	19	139	20000	20000	20000	0	42	181	18	256	1			0	4&50|13@100!5	999	
398	螢光棒幫	ペンライトなヤツ	Glowstick_Guys		1	1	8	100	10	0	0	1	0	0	0	20	30	17	256	4			0		1	
399			Pokota_(Enemy)		32000	4	12	400	52	57	0	2500	2500	0	0	18	75	2	256	6			0		550	
400			Ovis_(Enemy)		200000	1	6	220	27	0	0	3000	0	0	0	54	81	18	256	4			0		750	
401			Coco_(Enemy)		120000	2	10	330	50	0	0	10000	0	0	0	47	97	2	256	4			0	21@100!50!100	1000	
402			Moe_Uzumasa_&_Doge_(Enemy)		16000	3	8	400	56	0	0	1650	0	0	0	60	116	22	256	4	300	160	0		800	
403			Saki_Matsuga_&_Doge_(Enemy)		150000	2	26	260	55	0	0	6000	0	0	0	56	111	18	256	4			0	21@100!50!150	800	
404			Misa_Ono_&_Doge_(Enemy)		100000	3	6	480	39	0	0	4000	0	0	130	67	168	2	256	4			0	22@100!100	800	
405	傳奇噴噴Ω	レジェンドブンブンΩ	Mecha-Bun_(Enemy)	黑暗組織甦醒了過去曾支配陸地|的古代種之力。以迅速的連環攻擊|打到敵人體無完膚,但頭痛的是操縱的|飛行員很容易暈機。	3000000	10	23	200	10	0	0	22222	0	0	0	8	18	10	2	4	240	-540	0		6000	
406	真傳奇噴噴	真レジェンドブンブン	Relic_Bun-Bun	是個只要你敢踏入遠古之地裡|就毫不留情打爆你的太古護衛。|可以封印特殊效果的「古代詛咒」|據說對某些人沒用喔...	3000000	5	13	200	10	0	0	11111	0	0	0	6	16	10	128	4	300	-600	0	33@100!300	6000	
407	古代狗仔	古代わんこ	Relic_Doge	徘徊在古代的狗仔。|個性認真成績也很優秀,|但邊讀書邊念咒語的癖好|總是讓周圍很困擾。	75000	3	20	120	4	0	0	12000	0	0	30	38	42	2	128	4			0	33@35!100	100	
408	狂亂的小雪	狂乱のユキ	Crazed_Yuki_(Enemy)		240000	6	15	300	43	0	0	9900	0	0	200	58	242	10	2	4	450	-900	0		2222	
409			Gude-Doge_Machine_(Enemy)		250000	2	9	390	92	0	0	36000	0	0	176	44	267	2	256	4			0	22@100!180	3000	
410			Gudebene_Cat_(Enemy)		130000	2	7	420	26	0	0	8000	0	0	0	42	68	18	256	4			0	23@100!120	500	
411	猩好男人	ゴリ男氏	Gorilliam		200000	4	15	225	6	0	0	2025	0	0	0	10	16	18	32	4			0	31@50!10!500	1800	
412	古代松鼠	イングリッス	Sir_Rel	住在古代，說話帶點英語腔。|經常得意地說他是在坐時光機去|現代的時候，在站前留學中心學的。|不過沒人聽得懂他要說什麼。	50000	5	40	110	6	0	0	12500	0	0	0	7	13	17	128	4			0	33@100!150	50	
413	古代犀聖	コライノくん	Oldhorn	可以看到未來的古代預言者。|想要來個壞事發生前先給助言之旅，|但每次到達時壞事都已經發生・・・|所以一次都還沒成功提供助言過。	2400000	1	4	80	6	0	0	12000	0	0	0	6	12	2	128	4			0	33@100!300	1000	
414	古代蠶舌蛾	超町長	Othom	棲息在古代廣寒宮，|超越了嫦娥的蠶蛾。|太過長舌讓大家很困擾。|開個朝會要到晚上才結束。	800000	1	20	340	34	0	0	11111	0	0	0	54	88	26	130	4	440	-880	0	33@100!60	1500	
415	賤萌熊		Betakkuma_(Enemy)		4800	2	9	120	9	0	0	270	0	0	0	2	11	1	256	4			0	30@50	360	
416	奈美黑	ナミエちゃん	Selena		400000	3	15	270	17	0	0	9000	0	0	0	24	41	18	4	4			0	30@100|23@40!200	1800	
417	快豚星人	マナブくん	Kid_Tappa	在宇宙打工當快捷快遞員|被女朋友念廢柴快去找工作！|之後才去註冊了|侵略宇宙的派遣工作	40000	1	50	100	44	0	0	50	0	0	0	406	450	18	32	4			0	38@15000	1000	1
418	食蛙星人	ゲコック	Ribbo	吃遍1星餐廳的美食家|遇到看起來很難吃的食物就會把它傳送走|有時很難侍候的知識青蛙|侍酒師界的專家但其實酒量很小	700	4	6	450	20	0	0	100	0	0	360	21	379	6	32	4	400	150	0	38@65000|31@100!30!250	150	1
419	神（認真）	神さま（本気）	Cat_God	好久不見！沒錯，我就是那個大家喜愛的神☆|「宇宙篇第二章」好玩嗎？|大家是不是還很好奇我的私生活？|其實我…一直都在老家但絕不是媽寶唷！	1499999	5	3	300	90	150	300	999	999	65999	100	101	401	26	256	6	1000|1000|1000	-2000|-2000|-2000	0	30@100|23@100!50	6000	3
420	古代眼鏡猴人	ダテメガネル	Loris	明明沒有戴眼鏡|卻獲選為最佳古代眼鏡造型獎的眼鏡猴|但被迫帶上獲獎者的獎品眼鏡時|舒適度不高讓他森77	360000	6	9	449	11	0	0	6000	0	0	140	9	150	6	128	4	500	300	0	33@100!150	750	
421	大天使俄勒方特	大天使エルファント	Heavenly_Le'saint		600000	1	6	320	29	0	0	12000	0	0	22	11	50	2	16	4			0	1@50!100	4590	
422	紅獄肌熊	レッドヘルクマッチョ	The_Red_Malice		400000	10	20	300	7	0	0	4400	0	0	30	6	36	2	1	4			0	30@100	2000	
423	古頭王	古我王	Lowkey	將貓咪們逼向滅絕的生命體。|在與傳奇貓咪們展開無數次死鬥後|遭到驅逐，所以在現代已經絕種。|是同類生物中臉蛋最小最美的。大概吧。	1111111	1	2	500	24	0	0	6000	0	0	0	17	41	2	130	4			0	33@100!300	3000	
424	鴕鳥老黛麗	オールドリー	M._Ost	傳承了古早搞笑技藝的鴕鳥。|特徵是突兀的胸型跟詭異的笑聲。|最近的煩惱是跟年輕的搭檔之間|發生了代溝。	1360000	10	32	310	4	0	0	9000	0	0	0	13	17	18	128	4			0	30@100|23@100!150|33@100!150	1080	
425	跑到死太郎	ダッシュ死太郎	Dead_Donny_Dash		200000	2	25	400	44	0	0	6000	0	0	104	27	147	6	64	4	400	300	0	34@1!750|35@1!240!100	1000	
426	職權騷擾一族部長	パワハラッコ部長	CTO_Seal		160000	2	10	380	14	0	0	2300	0	0	14	9	27	2	1	4			0	22@100!120	600	
427	科熊怪人	クマンケン	Cadaver_Bear	利用死去的熊拼接成的|怪里怪氣熊。因為發現了|螺絲鎖上的頭部跟生前頭部|形狀有所不同因而萌生殺意。	120000	4	10	360	6	0	0	5000	0	0	14	3	19	2	64	4			0	34@1!1125|35@1!360!100	1000	
428	玉米鬚豬	シノシシ	Dread_Bore	燙髮器材爆炸，讓他酷帥的鬃毛|不幸變成了燙壞的玉米鬚。|雖然他是現今雷鬼界的當紅炸子豬|其實真正的夢想是頂著電棒燙頭唱演歌。	400000	2	22	130	8	0	0	4500	0	0	0	3	11	2	64	4			0	34@1!1125|35@1!150!50	1800	
429	胡桃鉗魔女		Homulilly_(Witch)		9000000	3	4	300	39	0	0	12000	0	0	132	100	170	10	1024	4	1800	-3600	47	30@100|21@100!50!150|3&	9000	
430	宇宙聖誕老人	サタンクロース	Satan_Claus		99999	3	12	360	46	0	0	2650	0	0	0	23	69	2	32	4			0	31@100!40!750	1500	
431	愛作夢的貘	ユメミちゃん	Bakoo	貘如其名，愛作夢的貘。|夢遊時常徘徊遊走在街上，|用巨大的打呼聲讓人嚇到吃手手。|因擔心尿床現今仍包尿布的14歲貘。	500000	10	4	180	49	0	0	10000	0	0	20	36	85	6	4	4	50	1800	0	22@100!150	1000	
432			Hikakin_(Enemy)		640	4	8	300	8	0	0	320	0	0	80	8	87	2	256	4			0		2000	
433			Mukyakin_(Enemy)		10000	10	6	350	8	0	0	250	0	0	90	8	97	2	256	4			0	22@100!45	3000	
434	獅子姐妹	獅子姉妹	Sister_Lione		140000	5	10	375	34	0	0	8000	0	0	0	54	88	18	2	4			0	21@100!50!200	1500	
435			6th_Anniversary_Birthday_Cake_(Event_Enemy)		100	1	3	110	30	0	0	1	0	0	0	20	50	2	8	4			0		4	
436			6th_Anniversary_Scarecrow_(Enemy_Base)		100	0	0	300	10	0	0	999999	0	0	600	27	609	2	4096	4			47		0	
437	招福卷狗	幸福の犬	Lucky_Dags		100000	1	14	380	13	0	0	24000	0	0	0	37	50	17	4	4			0		300	
438	古代旋風	エンシェントサイクロン	Primeval_Cyclone	遙遠從前產生的地球最古老旋風|可一掃恐龍後吸引力仍不會減弱|持有封印特殊效果的「古代詛咒」能力|自己快消滅時破壞力就會增強。	2333333	1	18	180	1	0	0	7777	0	0	0	5	6	18	128	4			0	33@100!450|1@50!200	3000	
439	小獅豬	ちびイノシャシ	Li'l_Bore		120	2	7	100	8	0	0	8	0	0	0	3	11	2	1	4			0		210	
440	彩虹熊熊敢死隊	レインボークマトーク	Bears_Be_Back		50000	3	30	420	15	30	60	400	400	400	0	41	101	18	119	7			0	30@21|21@33!50!90|22@33!90|23@33!90|31@21!30!500	1000	
441	Saber Alter		Saber_Alter_(Enemy)		1200000	8	40	300	15	0	0	8000	0	0	0	54	69	26	256	4	375	-750	0	13@100!3	3000	
442	清純女老師	マドンナ先生	Ms._Madonna		240000	6	10	200	16	0	0	2400	0	0	104	20	119	2	256	4			0	30@100|13@100!3	2000	
443	邪星小旋風	ミニスターサイクロン	Mesocosmocyclone	包裹著閃亮星星的宇宙大漩渦的私生子。|必定對接近其身邊者使用傳送能力，|還有遺傳到超低空飛行又不浮的習性。|體力不高所以就一次決定勝負吧！	44444	2	14	50	1	0	0	666	0	0	0	4	5	18	32	4			0	31@100!100!-150	333	1
444	花園鰻5兄弟	チンアナ５兄弟	Gardeneel_Bros.	為捕捉宇宙浮游生物，|在宇宙篇第３章終於探頭浮出|地面的兄弟組。次男追求流行、|長男跟四男從兩年前開始就宅在家。	4000	4	5	1800	65	0	0	200	0	0	0	56	121	6	32	4	1700	250	0	31@100!1!-1375	200	1
445	六角龍邪	ルーパールーパー	Axoloty	有貓咪過敏的鯢魚|因為噴嚏打不停，|貓咪們都儘量不靠近。|通常被目擊到出現在UFO的附近！	50000	5	10	450	111	0	0	40000	0	0	0	7870	7981	18	32	4			0	38@10000|13@100!10	1000	1
446	終極千兆宏偉神	ファイナルギガグランド神さま	Final_Boss_Giga-God	這是第三次見到我吧，神來也！|是否平安無事的侵略宇宙了！？|有點突然但是我要出個謎～！|"很帥氣大家都很喜歡的......"	999999	5	3	800	90	120	150	3999	3999	65999	300	51	449	2	256	4			0	31@100!90!1500|13@100!12	6000	4
447	議事阻撓邪星貓	スターフィリバスター	Filibuster_Obstructa	彷徨在星星之間|不斷進行破壞的謎之生命體。|那個可怕的破壞力甚至|可以重置整個宇宙的構造。	2000000	200	30	2000	1200	0	0	1000000	0	0	0	151	1351	6	34	4	300	4000	47		6000	1
448	偶像三原&貓咪		Idol_Mihara_&_Cat_(Enemy)		20000	4	4	300	39	0	0	2000	0	0	200	-21	238	2	256	4			0	22@50!90	5000	
449	柏餅2.0	柏餅2.0	Haterbaa_2.0		15	1	10	110	14	0	0	13500	0	0	0	14	28	1	8	4			0		160	
450	土偶喵丸	土偶戦士ドグ丸	Dogumaru_(Enemy)	狗仔軍團挖出來的古代戰士。|被誤以為是埴輪但其實真的是土偶。|遭到錯接在偶然掉落附近的|"馬土偶下半身"上的不幸戰士。	1000000	3	15	500	52	0	0	9000	0	0	0	34	86	10	128	4	700	-1200	0	33@100!600	3000	
451	麻吉貓&貓咪旅行團		Maji_Cat_&_Cat_Tour_Group_(Enemy)		7500	3	8	250	9	0	0	800	0	0	190	9	198	2	256	4			0	21@100!50!150	360	
452	超級惡魔	スーパーデビル	Super_Devil_(Enemy)		50000	2	4	666	60	0	0	1500	0	0	180	61	239	6	256	4	400	400	0	23@100!120	2000	
453	撒旦瑪利亞	サタンマリア	Satanmaria_(Enemy)		60000	3	14	345	51	0	0	5000	0	0	0	45	96	2	256	4			0		1500	
454	神奇瑪利亞	ワンダーマリア	Wondermaria_(Enemy)		1000000	4	28	345	51	0	0	33333	0	0	0	45	96	10	2	4	375	-750	0	30@100	3000	
455	魔肖猊玀	魔肖ネロ	Beastly_Nero_(Enemy)		111111	3	9	200	51	90	130	4444	4444	4444	0	25	155	26	256	7	300|300|300	-1200|-1200|-1200	0		1000	
456	首領洛可可	ヘッドロココ	Head_Rococo_(Enemy)		1500000	4	18	325	31	0	0	50000	0	0	0	50	81	26	16	4	425	-775	0	22@100!120	4500	
457	軟糖貓	グミネコ	Gummy_Cat_(Enemy)		100000	100000	12	140	8	0	0	1	0	0	700	10	707	1	256	4			0		100	
458			Kitarou_(Enemy)		17000	3	9	380	4	0	0	2500	0	0	196	47	199	2	256	4			0	23@100!60	1000	
459			Medama-Oyaji_(Enemy)		35000	3	8	210	24	0	0	800	0	0	60	27	83	2	256	4			0	21@100!50!60	1000	
460			Neko-Musume_(Enemy)		15000	4	15	280	13	0	0	1500	0	0	30	15	42	2	256	4			0	30@100	1000	
461	佳乃與蒼真	カノとソウマ	Kano_&_Souma_(Enemy)		80000	2	18	220	22	0	0	800	0	0	94	39	115	2	256	4			0	13@100!2	660	
462			Gekirinchi_(Enemy)		220000	2	18	340	33	0	0	17000	0	0	40	35	72	2	2	4			0		750	
463			Judgement_(Enemy)		180000	3	10	360	57	83	0	6500	6500	0	102	46	184	2	256	6			0	23@100!120	500	
464	覺醒的第13號機		Awakened_Eva_Unit-13_(Eva_Angel)		4000000	6	4	200	54	0	0	100000	0	0	0	68	122	26	512	4	1200	-4800	47	30@100|21@100!50!750|22@100!150|1@50!100	10000	
465	HAPPI		HAPPI_(Enemy)		120000	2	30	100	1	0	0	4500	0	0	0	120	121	26	256	4	150	-600	0	30@100	400	
466	HAPPI&麻吉貓&貓咪		HAPPI_&_Maji_Cat_&_Cat_(Enemy)		150000	2	30	75	1	0	0	6000	0	0	0	120	121	26	256	4	150	-600	0	30@100|23@100!150	500	
467	貓化巧克力		Chocolate_Cat_(Enemy)		20000	3	9	300	9	0	0	550	0	0	52	12	60	2	256	4			0	30@50	5000	
468	不死小雞	チキランラン	Zuche	在尾巴點火挑戰自己的極限|徒勞實驗招致死亡的雞|就算死了還是在向極限挑戰|夢想能在天國飛翔不斷跑下去	17500	1	30	120	4	13	0	8500	8500	0	0	13	26	18	64	6			0	34@1!875|35@1!600!100	200	
469	驚悚幫	スリラーズ	The_Thrillerz	一人沒膽所以三人一起死|搭上從墳場出發的運輸巴士|參加「貓咪大戰爭」。|三人生前都有嚴重的慢性病	10000	1	18	110	10	0	0	6500	0	0	20	28	38	1	64	4			0	34@2!500|35@1!240!100	75	
470			Shakurel_Doge_(Enemy)		180	3	5	110	8	0	0	16	0	0	40	10	47	1	256	4			0		15	
471			Shakurel_Gory_(Enemy)		2000	3	15	150	8	0	0	160	0	0	2	10	18	2	256	4			0		550	
472			Shakurel_Face_(Enemy)		399996	2	2	350	34	0	0	8000	0	0	104	-16	137	2	2	4			0		4000	
473	戽斗獅子		Shakurel_Lion_(Enemy)		36000	2	8	140	19	0	0	1500	0	0	48	-1	66	2	256	4			0	1@50!100	500	
474	戽斗老虎		Shakurel_Tiger_(Enemy)		10000	3	9	140	19	0	0	1000	0	0	48	-1	66	2	256	4			0	21@50!50!150	250	
475	戽斗熊貓		Shakurel_Panda_(Enemy)		150000	1	7	140	25	0	0	3000	0	0	0	-7	24	2	256	4			0	30@50	900	
476			Dot_Hero_(Enemy)		90000	3	25	300	8	0	0	2500	0	0	58	19	65	2	1	4			0	30@50	450	
477	河潤豚	フグ太くん	Mr._Puffington	在海底商社工作的上班族。|結婚後轉作爲妻子老家的養子。|從前尖銳又帶刺的個性，|最近卻有變圓滑了的謠言。	400000	400	40	150	4	0	0	30000	0	0	0	297	301	26	128	4	350	-700	0	33@100!300	900	
478	小蛋糕狗仔	ちびケーキわんこ	Li'l_Cake_Doge		22	1	3	110	20	0	0	1	0	0	0	11	31	1	8	4			0		4	
479	超新星鐵砲	超新星テッサー	Puffsley's_Comet	於地表上如彗星般出現|百年難得一見的大咖新人歌手。|追往會發光物體高速滾動前進|方向則由候鳥指引。	900000	400	40	200	4	0	0	40000	0	0	0	297	301	26	32	4	500	-1000	0	30@100	4500	
480	隆		Ryu_(Enemy)		200000	6	14	380	16	0	0	4000	0	0	62	39	77	10	256	4	600	-1000	0		1000	
481	春麗		Chun-Li_(Enemy)		360000	3	25	360	8	16	24	1700	1700	1700	0	15	39	18	256	7			0	30@100	1000	
482	蓋爾		Guile_(Enemy)		400000	2	18	420	25	33	0	5250	5250	0	88	33	120	2	256	2			0	23@100!120	1000	
483	桑吉爾夫		Zangief_(Enemy)		750000	1	7	160	3	18	0	4000	4000	0	0	22	40	26	1	6	260|260	-1040|-1040	46		1000	
484	布蘭卡		Blanka_(Enemy)		160000	160	55	150	5	0	0	13000	0	0	0	88	93	26	256	4	340	-680	0		1000	
485	塔爾錫		Dhalsim_(Enemy)		240000	3	6	390	8	15	22	4500	4500	4500	94	15	115	2	256	7			0	21@100!50!100	1000	
486	肯		Ken_(Enemy)		600000	2	16	180	6	10	12	12000	12000	12000	106	45	117	10	1	1	330|330|330	-660|-660|-660	0	30@100	1000	
487	車		Car_(Enemy_Base)		1000	0	0	0	1	0	0	1	0	0	0	1	2	2	0	4			47		0	
488	豪鬼		Akuma_(Enemy)		1200000	6	18	450	23	27	31	18000	18000	18000	0	28	59	26	4	7	550|550|550	-1000|-1000|-1000	0		1000	
489			7th_Anniversary_Birthday_Cake_(Event_Enemy)		100	1	3	110	30	0	0	1	0	0	0	20	50	2	8	4			0		7	
490			7th_Anniversary_Scarecrow_(Enemy_Base)		100	0	0	300	10	0	0	999999	0	0	600	27	609	2	4096	4			47		0	
491	阿龜我王	阿亀我王	Black_Okame	漆黑假面之後隱藏的惡毒少女心|在向前來的男眾們散佈惡意的吐氣。|打飛阻擋者猛前進，|那種衝動誰也擋不了。	2600000	1	3	320	24	0	0	24000	0	0	40	17	63	10	5	4	800	-1000	2	30@100	4500	
492	聖者波普	聖者ポプウ	Heavenly_Herald_Papuu	目標成為大天使的認真讀書女子。|她手中那本又厚又重的書藏著|讀書心得與踢飛他人的黑秘技。|獲得領悟的毒擊安靜地確實地將你致命	2500000	1	8	250	91	0	0	4000	0	0	130	45	220	10	16	4	1300	-5000	47	1@30!200|36@100!40	4444	
493	太古蜜江	太古の蜜江	Queen_Mother_V	資歷888年，老將歌手的專屬舞群。|雖然舞姿已衰退但特技的蜇針仍健在。|受老將歌手指使擊潰新人|並取得高額地下報酬的傳言不斷。	1555555	8	4	999	36	0	0	18888	0	0	88	45	123	6	130	4	888	444	0	33@100!3333	6666	
494			Rat_Doge_(Event_Enemy)		100	3	8	110	8	0	0	40	0	0	40	10	47	1	256	4			0		150	
495	妖怪河童Jr.	かわわっぱJr.	Kappy_Jr.	叼著小黃瓜時的"舌感"很棒|成天不停地叼著的妖怪孩子。|以為安穩的渡過日子沒想到突然...|發出如烈火般憤怒的「烈波」。	2000000	6	14	230	40	0	0	38000	0	0	0	39	79	2	256	4			0	15@100!150!750!1	1800	
496	巨狼與烏爾斯	フェンリルとウルス	Urs_&_Fenrir_(Enemy)	守護原始森林的猛獸和看守者。|從古早開始，就狠狠地懲罰了|那些侵略地盤的外敵。|無論是誰都嚴禁揭開那具假面！	750000	5	4	300	69	0	0	35000	0	0	88	25	156	10	128	4	500	-1000	0	21@100!10!120|33@100!120	1400	
497	鋼鐵終結鱷	ワーニネーター	Croconator	遵循總追求強力的一族的鐵規|在自己身上做了人工化手術的鱷魚。|因資金不足距離全身改造還差一小步|用鋼的內心面踏出新的一大步。	5	1	12	110	8	0	0	800	0	0	40	10	47	1	8	4			0		150	
498	毒火雞	タッキー	Gobble	炙手可熱的偶像火雞。|透過手相得知了自己只能活到聖誕節前，|瞬間就像斷了翅膀般的心情，|震驚的猛嘆氣不停。	329000	3	8	200	52	0	0	5000	0	0	0	39	91	10	2	4	420	-740	0	36@100!35	800	
499	巨大斑海豹桑	ヒュージゴマ	Baron_Seal	被用古代研究所的極密技術進行基因改造|轉生為超生命體的斑海豹桑。|要格外小心那能使攻擊力下降和動作停止的|攻擊。凶暴程度會隨著戰鬥而增加。	15000	4	8	320	6	0	0	300	0	0	0	22	28	18	16385	4			0	21@30!50!90|22@30!90	2500	
500	初音未來		Hatsune_Miku_(Enemy)		100000	4	10	320	49	0	0	6500	0	0	80	52	128	2	2	4			0	21@100!25!90	4000	
501	櫻花未來		Sakura_Miku_(Enemy)		150000	4	5	450	89	0	0	20000	0	0	140	50	228	6	2	4	450	350	46	22@100!100	4000	
502	鏡音鈴&連		Kagamine_Rin_&_Len_(Enemy)		180000	4	16	390	71	0	0	8000	0	0	150	30	220	6	2	4	390	250	0	30@100|23@100!60	4000	
503			MikuDoge_(Enemy)		3000	3	18	110	8	0	0	1500	0	0	0	10	18	17	256	4			0	32@20!30	45	
504			MikuGory_(Enemy)		72000	2	24	160	6	0	0	3200	0	0	0	10	16	18	256	4			0	30@50	450	
505			MikuBear_(Enemy)		100000	4	8	360	6	0	0	15000	0	0	60	10	65	1	256	4			0		600	
506	綺羅星汪汪	綺羅星ペロ	Everlord_Wanwan	閃瞎了閃耀星星群的宇宙No.1男公關|耍小聰明的交際能力和深情的眼神|使女士們的心都成了無重力狀態。|～歡迎光臨閃亮星星的異空間～	1200000	20	3	600	39	69	98	15000	15000	1500	130	16	227	10	32	1	1000|1000|1000	-1500|-1500|-1500	0	31@100!2000!2000	9999	1
507	梅西耶	メシエ	Messier_(Enemy)		378000	14	6	200	43	0	0	8000	0	0	200	38	242	10	2	4	600	-950	34	1@20!200	1500	
508			Yakisoba_U.F.O._Cat_(Enemy)		2000	4	8	170	18	0	0	200	0	0	80	8	97	2	2	4			0	23@20!90	200	
509			Yakisoba_Face_(Enemy)		4444	1	6	500	4	0	0	500	0	0	160	18	163	2	2	4			0	31@100!10!1000	2000	
510	巨象黑藏	ジャイアント黒蔵	Le'Grim	被用古代研究所的極密技術進行基因改造|轉生為超生命體的松黑藏。|體型變大，得到必定能使敵人動作變慢的能力|並持續暴走。凶暴程度會隨著戰鬥而增加。	20000	1	3	480	6	0	0	2000	0	0	180	10	185	2	16388	4			0	23@100!200	1300	
511	死靈妖精海蝶	死霊妖精クオリネム	Death_Angel_Z-Onel	遭受海洋的汙染應該是要全滅亡的海蝶一族|站在仰慕自己的這些小輩分的面前時|不管被打倒幾次都會站起來的有骨頭生命體。|據說可以使隨便靠近自己的人動作停止	1000000	4	4	666	71	0	0	30000	0	0	0	74	145	22	64	4	450	850	0	22@100!30|35@-1!15!50	1111	
512	迷你不死旋風	ミニアンデッドサイクロン	Li'l_Zyclone	不死旋風的外甥。|遺傳到媽媽的韌性與遺傳到爸爸的力氣不足|與食慾，同時還有著怕生及潛伏癖好。|喜歡的科目是健康教育和國語和蘇生。	333333	1	14	100	1	0	0	333	0	0	0	4	5	18	64	4			0	34@1!1250|35@1!120!100	300	
513	天使多維爾	天使ドーヴエル	St._Dober	一隻等待飼主歸來等到已升天的狗。|牠倒下的地方有尊帥氣英姿狗銅像|跟一幅發射烈波中勇姿的壁畫。|現在已成為年輕人相約集合時的標點	1800000	2	8	130	30	0	0	23000	0	0	0	12	42	10	16	4	200	-500	0	15@33!150!350!3	800	
514	愛假哭的貘	ドレミちゃん	Doremi	有著"專業小孩"7年資歷的貘。|用逼真的假哭來隨意擺佈對方。|遇到不喜歡的大人就使出雷級睡覺呼聲擊退對方|目前為止就拒絕了媽媽兩次上幼稚園的要求。	1800000	20	14	180	40	0	0	28000	0	0	0	40	80	6	256	4	50	1800	4	23@100!180	1500	
515	巨蛾蛾蛾	ギガガガ	Mega-Mooth	被用古代研究所的極密技術進行基因改造|轉生為超生命體的蛾蛾蛾蛾。|巨大的身軀會一邊飛行一邊將敵人打飛，|凶暴程度會隨著戰鬥而增加。	12000	4	10	370	34	0	0	800	0	0	0	54	88	26	16386	4	470	-940	0	30@100	1500	
516	達人烏嚕哩	達人ウリル	Master_Uril_(Enemy)	把頭銜讓給下屬而目前隱居中的原長老。|為了跟乾妹妹共度餘生來到了塔的最上層|但是他祕密打造的這個樂園被・・・|貓咪軍團發現了。	3800000	12	5	200	20	0	0	25500	0	0	44	29	63	10	256	4	450	-850	0	33@100!300|15@100!200!450!3	2222	
517	鋼鐵無尾熊球	メタルコアラッキョ	Koronium	NLB球團"天然草本隊"所屬吉祥物。|自家軍在陷入危機時，|會擅自出場並且破壞比賽。|選手們視他為可怕的鬼頭教官。	150	5	5	240	21	0	0	15000	0	0	40	9	60	2	8	4			0	13@100!4	900	
518	超級宙斯	スーパーゼウス	Super_Zeus_(Enemy)		225000	5	9	450	78	0	0	5000	0	0	162	43	239	2	16	4			0	21@100!50!150	3200	
519	巫師汗	シャーマンカーン	Shaman_Khan_(Enemy)		160000	4	8	550	70	0	0	2500	0	0	90	31	159	6	16	4	300	500	0	30@100	3100	
520	耶穌大力士	完璧ヘラクライスト	Heracrist_(Enemy)		600000	2	4	180	116	0	0	40000	0	0	0	43	159	9	16	4	360	-720	0		3000	
521	約翰藍龍	ジョン・レオン	Johnnyleon	透過想像可以隨意改變屬性的|街頭單人演奏者變色龍。|有過曾為超人氣樂團成員的時代,|但因跟甲蟲意見不合因此解散。	3000000	2	10	150	17	0	0	3500	0	0	46	17	62	6	97	4	400	200	0		1800	
522	詛咒塔		Relic_Doge_Base_(Enemy_Base)		3000	1	0	2000	100	0	0	1	0	0	352	31	451	2	0	4			47	33@100!300	0	
523			Happy_Birthday_Cake_(Event_Enemy)		100	1	3	110	30	0	0	1	0	0	0	20	50	2	8	4			0		7	
524	烈波塔		Surge_Base_(Enemy_Base)		1500	1	0	2000	148	0	0	120	0	0	100	50	247	1	0	4			47	15@100!150!2000!3	0	
525	巨大河馬星人	デッカーバチャン	Super_Hyppoh	被用古代研究所的極密技術進行基因改造|轉生為超生命體的河馬星人。|獲得了必定能使敵人動作變慢的能力的|巨大侵略者。凶暴程度會隨著戰鬥而增加。	1800	20	12	222	8	0	0	50	0	0	0	25	33	26	16416	4	350	-650	0	23@100!60	1000	
526	異弟:Re	イディ:Re	Idi:Re	檢體No.002　狀態：良好　古微生物檢出|戰鬥能量值：無法計測|確認為浮游但不列為飄浮敵人|能量下降時攻擊會有上升傾向	3333333	33	44	150	4	0	0	99999	0	0	0	137	141	26	128	4	300	-600	0	33@100!600|1@50!100	9000	
527	紫骨不死燕	テバムラサキホネツバメ	Zollow	每年到了清明時就會飛越冥河|遷徙回故鄉的鳥。|險峻的路途上帶著全身撕裂疼痛|夾雜著酸性淚水遷徙回鄉。	4500	1	55	100	1	0	0	10000	0	0	0	136	137	26	66	4	222	-422	0	35@1!200!100|36@100!80	50	
528			E._Honda_(Enemy)		500000	5	50	100	3	0	0	5555	0	0	0	88	91	26	256	4	300	-600	0	30@100	1000	
529	拜森		Balrog_(Enemy)		560000	4	20	250	16	0	0	28000	0	0	60	40	75	9	256	4	400	-800	0		1000	
530	巴洛克		Vega_(Enemy)		360000	6	25	450	48	0	0	5000	0	0	128	58	175	6	256	4	400	400	0	22@100!90	1000	
531	沙卡特		Sagat_(Enemy)		480000	4	17	175	4	0	0	2200	0	0	80	47	83	10	256	4	300	-600	0	1@50!100|13@100!3	1000	
532	貝卡		M._Bison_(Enemy)		320000	4	8	400	27	34	41	2000	2000	2000	168	78	208	10	2	7	425|425|425	-1125|-1125|-1125	47	36@100!20	1000	
533			8th_Anniversary_Birthday_Cake_(Event_Enemy)		100	1	3	110	30	0	0	1	0	0	0	20	50	2	8	4			0		7	
534			8th_Anniversary_Scarecrow_(Enemy_Base)		100	0	0	300	10	0	0	999999	0	0	600	27	609	2	4096	4			47		0	
535	惡之貓帝王	悪のネコ帝王	Evil_Emperor_Cat	被古老深山森林中強大魔力所侵蝕|最終失去了自我的貓咪國統治者。|無止境的發射滅亡詛咒與烈波|作爲破滅之王替世界畫上句點。	1200000	8	6	520	103	0	0	6666	0	0	174	30	276	10	128	4	620	-1250	0	22@100!45|33@100!120|15@100!600!900!3	3000	
536	巡音流歌		Megurine_Luka_(Enemy)		150000	4	18	425	75	0	0	2000	0	0	140	51	214	6	2	4	150	350	0	31@100!10!1000	4000	
537			Cow_Doge_(Event_Enemy)		3000	3	30	110	4	0	0	600	0	0	0	14	18	17	256	4			0		150	
538	飛機頭豬	ウリボーイ	Bore_Jr.	口頭禪是「我不想染任何顏色」，|放置偷來摩托車不管的不良野豬。|厭惡大人們的陰暗眼光，|自己走自己路的35的夜晚。	55500	2	20	130	8	0	0	23500	0	0	20	13	27	2	256	4			0	12@100!5	350	
539	巧克力狗仔	チョコわんこ	Chocolate_Doge		214000	1	4	110	8	0	0	1420	0	0	60	8	67	2	4	4			2	12@100!4	314	
540			Snow_Miku_2021_(Enemy)		200000	4	7	400	98	0	0	14000	0	0	170	51	267	10	2	4	600	-1200	0		4000	
541	狐兵衛	ごん兵衛	Raynard	透過遠距教學課程學習烈波中的狐狸。|在執行法律禁止的戶外練習時|烈波直接擊中豬野郎，|為了要消滅證據就做成衣服來穿。	98000	4	4	1700	90	0	0	9800	0	0	140	44	229	6	1	4	300	1400	0	15@100!150!1900!3	600	
542			Ranma_Saotome_(M)_(Enemy)		120000	4	18	300	24	42	60	3000	3000	3000	92	31	151	10	256	7	400|400|400	-1000|-1000|-1000	0		2000	
543			Akane_Tendo_(Enemy)		165000	3	14	400	33	0	0	4000	0	0	200	41	232	6	256	4	250	400	0	9@50!200	2000	
544			Hibiki_Ryoga_(Enemy)		180000	2	17	380	57	0	0	4500	0	0	96	48	152	10	256	4	480	-960	0	30@100	2000	
545			Shampoo_(Enemy)		160000	4	18	350	31	38	43	1050	1050	1050	114	24	156	10	256	7	450|450|450	-900|-900|-900	0	23@100!60|12@100!4	2000	
546			Mousse_(Enemy)		135000	3	14	650	48	0	0	3000	0	0	158	56	205	6	256	4	450	450	0	21@100!50!120	2000	
547	魚尾石	マーさん	Mr._Mer	以"什麼是魚尾獅？"為主題|持續著探索旅程的石像。|攻擊時一定會發射出小波動|的可怕的敵人。	1250000	1	4	260	6	0	0	16000	0	0	72	11	77	2	256	4			0	12@100!3	1000	
548	威化餅貓BIG	ネコウエハースBIG	Wafer_Cat_XL_(Enemy)		999999	1	20	100	12	0	0	1	0	0	0	55	67	26	256	4	125	-500	47	30@100|23@100!300|37&	1	
549	憤怒的黑猩猩	怒りのブラッゴリ	Ragin'_Gory	在不講理的黑心企業上班的企業戰士。|揉著充血的眼睛連日熬夜加班。|對每天準時下班的新人大猩猩憤怒|而引發了覺醒的黑猩猩。	321234	8	30	180	6	0	0	11234	0	0	0	10	16	18	8196	4			2		555	
550	巨大生物哥吉拉		Shin_Godzilla_(Enemy)		500	1	3	3800	130	170	210	200	200	200	216	101	425	6	256	7	2300|2300|2300	1500|1500|1500	46	3&	1954	
551	古神炎多龍	古神炎ドロン	Elder_Flame_Doron	生活在森林深處內向的多龍族。|戴著寄宿有部族流傳下來的古代神力量|的面具得以發揮真正的力量，|發出必殺一擊。	2222222	1	20	400	76	0	0	22222	0	0	0	56	132	10	128	4	600	-1600	63	21@100!1!1200|37&|15@100!500!1000!8	2222	
552	惡魔狗仔哥	デビルワン	Aku_Doge	高中時放蕩不羈離家出走，|獲得了惡魔力量的狗仔的哥哥。|在家族一族中被視為背叛者，|其實偷偷寄錢供弟弟報名學測用。	4500	3	25	110	8	0	0	2200	0	0	30	10	37	1	2048	4			0	39@4500!50	200	
553	惡魔扭扭蛇	インフェルにょろ	Sinner_Snache	有著像是冒著藍色火焰的蛇的形狀的蛇。|在生命快結束時的瞬間有時候有發射烈波的習性。|"不擅長水"，但這個資訊對遊戲攻略沒幫助|所以可以不用記住。	8200	2	12	120	10	0	0	2800	0	0	28	7	37	2	2048	4			0	41@50!350!750!1	120	
554	惡魔三兄弟	ケルベローズ	Cerberus_Kids	看到網路廣告募集惡魔報名後結成的三人組。|從左邊起分別是名為提亞不羅、八耳、|與莫飛私托的勢力惡魔三兄弟。|三人來到大都市前以身為紅色敵人聞名	2500	1	10	120	13	0	0	2500	0	0	40	16	52	1	2048	4			0	22@30!120	66	
555	惡魔企鵝大哥	ギルティ・ペン	Condemned_Peng	以電影《無眠海邊的企鵝》走紅的演員。|為配合戲中不易入睡體質角色而與惡魔契約|並使用了首次契約獲得的紅利點數|來使頭上也可以發出光線攻擊了。	32250	3	10	280	16	0	0	4200	0	0	24	10	39	2	2048	4			0	23@50!90|41@100!450!950!3	420	
556	惡魔大猩猩	ヘルゴリラー	Aku_Gory	因為面貌凶狠|被惡魔發掘的大猩猩。本以為是天職|但卻因為違規營業問題導致失職。|最近重心轉移至直播主希望藉此成名。	85000	4	18	160	6	0	0	6868	0	0	0	10	16	18	2048	4			0	9@10!200	500	
557	惡魔澎湃	悪魔ベヒモッス	Le'Behemoth	為了換取一張清涼照而出賣了|自己靈魂給惡魔的邪惡大象。|為了保護慾望之下累積的收藏品|因此以強韌的惡魔盾防禦著。	380000	1	5	380	6	0	0	13600	0	0	180	10	185	10	2048	4	410	-510	0	39@800000!50	800	
558	惡魔熊熊閣下	アックマ閣下	Fallen_Bear	活躍在惡魔界的菁英外交官。|擅長帶有微笑的強力握手與|有著超強的談判口才。|喜歡的相撲技法是惡魔拋摔。	75000	3	8	345	6	0	0	15000	0	0	64	10	69	2	2048	4			0	39@250000!50|41@100!450!1050!1	1200	
559	魔我王	魔我王	Wicked_Face	只是一個自稱"連接近都很難的|魔界最強惡魔"的頭很大惹人厭者。|有一份由惡魔研究家調查出的報告指出，|"這可能是生活在魔界的病菌"。	452000	2	2	460	32	0	0	10200	0	0	130	11	161	2	2048	4			0	22@30!60|39@322000!100|12@100!4	2300	
560	惡魔大旋風	デビルサイクロン	Aku_Cyclone	以惡魔般吸引力吞噬所有的大漩渦。|據說遭吞噬的靈魂將會轉生到|惡魔居住的世界。重複破壞與再生|是否有突破防護的勝算呢...	1666666	4	3	200	1	0	0	6666	0	0	0	5	6	18	2048	4			0	39@1666666!100	6666	
561	邪惡貓咪	邪悪なネコ	Wicked_Cat_(Enemy)		120000	30	25	240	8	0	0	1800	0	0	0	10	18	18	2048	4			0	39@4800!50	2000	
562	邪惡坦克貓	邪悪なタンクネコ	Wicked_Tank_Cat_(Enemy)		420000	1	2	380	8	0	0	4000	0	0	100	8	107	2	2048	4			0	15@100!150!550!1	2000	
563	邪惡戰鬥貓	邪悪なバトルネコ	Wicked_Axe_Cat_(Enemy)		300000	3	7	360	8	0	0	3500	0	0	0	8	16	2	2048	4			0	1@34!100|39@200000!50	2000	
564			564_(Aku)		90	3	5	110	8	0	0	8	0	0	40	10	47	1	2048	4			0		15	
565			565_(Aku)		90	3	5	110	8	0	0	8	0	0	40	10	47	1	2048	4			0		15	
566			566_(Aku)		90	3	5	110	8	0	0	8	0	0	40	10	47	1	2048	4			0		15	
567			567_(Aku)		90	3	5	110	8	0	0	8	0	0	40	10	47	1	2048	4			0		15	
568			568_(Aku)		90	3	5	110	8	0	0	8	0	0	40	10	47	1	2048	4			0		15	
569			569_(Aku)		90	3	5	110	8	0	0	8	0	0	40	18	47	1	2048	4			0		15	
570	神官瑪魔	神官マモーン	Dark_Priest_Mamon	抱有征服魔界野望的邪教神官。|在各地建造封印等級的城|企圖把過去被英雄封印的破壞神|利用於自己的野望。	680000	3	5	360	105	0	0	20999	0	0	0	96	201	10	2048	4	420	-720	0	39@1200000!50	3000	
571	大神官瑪魔	大神官マモーン	High_Priest_Mamon	不顧自身的毀滅要執行|破壞神復活儀式的大神官。|在未知的世界裡是否可以探尋|自己期望的世界呢？或者是...	1620000	3	5	400	105	0	0	32200	0	0	0	96	201	10	2048	4	500	-800	0	36@100!15|39@1800000!100	3000	
572	破壞神邪根德	破壊神ジャガンドー	Lord_of_Ruin_Jagando	曾遭傳說的英雄封印，|但藉由大神官執行的復活儀式|而再度解放於這個世界的邪惡破壞神。|人們腦中將再浮出大災難的惡夢…	2000000	2	6	300	20	35	108	6000	6000	24000	0	43	151	26	2048	1	450|450|450	-950|-950|-950	0	39@1800000!100|15@30!150!750!1	5000	
573	受操控的貓咪女王	操られしネコ女王	Possessed_Empress	調查異界時揭開了王宮家中禁忌的魔法書|因此遭惡魔附身的貓咪國女王。|身心皆被邪惡玷汙，迷失自我的她|將自己深愛的王國引向滅亡。	980000	10	6	520	103	0	0	31500	0	0	174	36	276	10	2048	4	620	-1250	0	23@100!120|39@1200000!100|12@100!6	2500	
574	惡魔塔		Aku_Altar_(Enemy_Base)		100000	0	0	0	0	0	0	0	0	0	0	2	2	17	0	4			0		0	
575	損毀的惡魔塔		Inactive_Aku_Altar_(Enemy_Base)		100000	0	0	0	0	0	0	0	0	0	0	2	2	17	0	4			0		0	
576	大球（白色）	大玉（白）	Large_White_Ball		500	5	15	100	8	0	0	50	0	0	0	143	151	26	256	4	200	-800	0	22@100!60	50	
577	大球（紅色）	大玉（赤）	Large_Red_Ball		4000	15	30	100	8	0	0	250	0	0	0	143	151	26	1	4	200	-800	0	30@100	100	
578	大球（鋼鐵）	大玉（鉄）	Large_Iron_Ball		20	1	5	100	8	0	0	2500	0	0	0	143	151	26	8	4	200	-800	0	23@100!75	150	
579			Kyubey_(form_2)_(Enemy)		3000	3	9	145	26	0	0	200	0	0	40	25	65	1	256	4			0	13@100!2	150	
580	陣風（白色）	風（白）	White_Wind		5000	1	5	150	2	0	0	100	0	0	0	11	13	18	256	4			127	30@30	250	
581	陣風（紅色）	風（赤）	Red_Wind		5000	3	8	150	2	0	0	100	0	0	0	11	13	18	1	4			127	21@100!50!30	250	
582	陣風（黑色）	風（黒）	Black_Wind		5000	10	12	150	2	0	0	150	0	0	0	11	13	18	4	4			127		250	
583	魚尾石惡魔	マデューさん	Medu-san	向旅人問著，"我是一條蛇還是獅子？|或者我是一條魚嗎？" 無論獲得何種|結果都會將對方變成石像的惡魔。|是個也會發出烈波的可怕傢伙。	788000	1	6	240	6	0	0	8800	0	0	88	11	93	2	2048	4			0	15@100!150!750!1	1000	
584	惡魔接待員	シスターデビル	Miz_Devil	會擅自提供建議給有戀愛煩惱|人們建議的惡的戀愛接待員。|在街上尋找情侶並且介入攪局，|再成功迫使他們克服困難。	300	1	40	100	9	0	0	1250	0	0	20	10	28	2	2048	4			0	21@30!50!150|39@15000!50	75	
585	惡魔法老8號	サタンカーメン8号	Sathankhamun_VIII	從封印魔力的邪惡面具中|大魔王再降臨計畫誕生出的惡魔。|據說透過儀式上佩戴的面具的|暗黑吐息將會侵蝕生命的力量。	1200000	3	3	650	24	0	0	34000	0	0	106	17	129	10	2048	4	800	-1000	0	23@100!60	4500	
586	惡夜馴鹿	ミッドナイトナカイ	Midnite_D.	黑鼻子馴鹿。|因有著被大家嘲笑的過去|以此出遊來報復。預計將戰鬥到|鼻子變紅為止的可怕怪獸。	300000	20	25	300	20	0	0	23000	0	0	0	21	41	18	2048	4			0	39@80000!50	800	
587	惡魔達也	デビルカツヤ	Ackey	將雙胞胎哥哥的靈魂出賣給惡魔|闖進了全國大會的無心球兒。|兼具投手打者與教練的三刀流風格|使他也受到美國職棒大聯盟的注目。	53000	2	6	450	32	38	44	15000	10000	5000	100	49	143	6	2048	7	650|650|650	250|250|250	0	22@30!60|39@450000!100	550	
588	惡魔無尾熊球	デスコアラッキョ	Deathkory	作為一名重金屬音樂成員|吸引人們注意的怪異無尾熊。|以「波動」破壞每個搖滾現場|因此遭到音樂界放逐。	1270000	4	5	190	21	0	0	23500	0	0	80	9	100	2	2048	4			0	39@600000!100|13@100!6	900	
589	假面的貓咪仙人	仮面のネコ仙人	Masked_Grandmaster_Cat_(Enemy)		4000000	10	8	255	26	33	52	28888	28888	28888	0	27	79	18	128	7			0	33@100!150|13@100!5	2222	
590	9週年紀念蛋糕狗仔		9th_Anniversary_Birthday_Cake_(Event_Enemy)		100	1	3	110	30	0	0	1	0	0	0	20	50	2	8	4			0		7	
591	9週年紀念木人樁城堡		9th_Anniversary_Scarecrow_(Enemy_Base)		100	0	0	300	10	0	0	999999	0	0	600	27	609	2	4096	4			47		0	
592	紅鬣狼G	レッド・エナG	Red_EnerG	語道著自己是戰鬥民族狂戰士・・・|喝了過多盜版維他命G飲料|瘋瘋癲癲很嗨的鬣狗|吐出烈波可讓周圍都遠離他。	340000	3	10	370	30	0	0	6790	0	0	60	30	89	2	1	4			0	30@100|15@100!150!350!2	1313	
593	特大號大天使	大天使エクスエル	Archangel_Exiel	被用古代研究所的極密技術進行基因改造|變成了巨大超生命體的天使先生。|藉由「給迷途羔羊的祝福」對敵人使用傳送能力|並使攻擊力下降。凶暴程度會隨著戰鬥而增加。	945000	8	35	210	13	0	0	4800	0	0	0	18	31	26	16400	4	260	-650	0	21@100!50!450|31@100!60!1500	750	
594	巨大企鵝大哥Z	ビッグペンZ	Big_Peng_Z	被用古代研究所的極密技術進行基因改造|以超生命體復活的不死企鵝大哥Z。|會全方位給予毒擊，並用巨大化後的身軀|在地面徘徊。凶暴程度會隨著戰鬥而增加。	840000	3	9	150	20	0	0	1000	0	0	160	9	179	10	16448	4	500	-900	0	35@-1!30!10|36@100!50	1500	
595			Tiger_Doge_(Event_Enemy)		3000	3	30	110	4	0	0	600	0	0	0	14	18	17	256	4			0		150	
596	耐耐（Nana、ナナ）		Nana_&_Doge_(Enemy)		120000	3	8	160	63	0	0	5000	0	0	0	38	101	10	256	4	210	-630	0	23@100!50|12@100!3	1000	
597	艾米莉亞（Emilia、エミリア）		Emilia_&_Doge_(Enemy)		135000	3	10	200	41	51	61	2500	2500	2500	0	67	128	26	256	7	300|300|300	-650|-650|-650	0	22@100!50	1000	
598	煙火球	花火玉	Firecracker		500	1	20	75	8	0	0	50	0	0	0	77	85	26	1	4	150	-600	0	30@100|23@100!30	150	
599	超古獸納拉	超古獣ナーラ	Ultima_Beast_Naala	誕生於遠古時代的傳說野獸。|被當作是所有野獸的祖先而受到崇拜。|會對遇見牠的人施放審判的閃電|來判定對方是否夠資格成為其夥伴。	3000000	3	16	400	40	60	80	30000	15000	15000	46	56	136	6	8320	7	1|200|400	200|200|200	16	22@100!90|33@100!300	3000	
600	不死的水豚	トロリンチョ	Zapy	在享受溫泉地獄之旅的途中|不知不覺死去的水豚。|會咬進到大浴池裡的客人並將其|傳送到遠處，是個愛惹麻煩的傢伙。	390000	2	15	300	14	0	0	38000	0	0	20	17	33	1	64	4			17	35@1!200!50|31@15!60!1000	550	
601	秘密暗戀基地		Secret_Crush_Base_(Enemy_Base)		10	1	0	50	1	0	0	1	0	0	1000	1	1000	1	0	4			47		0	
602	告白聖地		Confessional_Tree_(Enemy_Base)		10	1	0	50	1	0	0	1	0	0	1000	1	1000	1	0	4			47		0	
603	野生狗仔	野生のわんこ	Wild_Doge	狗仔的雙胞胎弟弟。在旅行途中造訪|南國的大自然時感受到「野生的威力」，|決定辭掉工作並投入大自然的懷抱。|過著玩衝浪喝小米酒的狂野生活。	55000	3	25	150	8	0	0	16500	0	0	40	3	47	2	8448	4			16	2&30	300	
604	超鳥獸鴨子喬	超鳥獣アヒルジョー	Casaurian_Ahirujo	在要被做成美味肥肝的千鈞一髮之際|成功脫逃並奔向大自然的鴨子。|個性凶暴，會揮舞著像耳朵般的雞冠|並用巨大化的鳥嘴施放渾身一擊。	1200000	5	15	250	10	21	32	6500	6500	6500	0	34	66	22	8193	7	1|1|1	250|300|350	22	9@5!200	1500	
605	超龍獸眉毛角鴞	超竜獣オウルハズク	Pterowl_Hazuku	在79歲時野性覺醒的眉毛鳥。|成為了君臨火山的長老，|會將長年累積的怨憤轉化為強力的|光彈並射出。有機會發射烈波。	1850000	3	8	480	50	0	0	36600	0	0	110	56	159	6	8194	4	330	730	16	15@20!400!1200!1	2500	
606	超甲獸寄居剪刀手	超甲獣シザーレックス	Crustaceous_Scissorex	獲得了充滿狂野風格的新家|且得到不講理的愛情力量的寄居星人。|巨大化的爪子有著使動作變慢的效果|會用遠處也能命中的連續攻擊來教訓對方。	1400000	2	6	400	17	42	0	16000	21000	0	166	28	207	6	8224	6	1|1	400|600	1	23@100!90	1600	
607	巨大臭老兔	オオウサ銀	J.J._Jackrabbit	被抓去做古代研究所的基因實驗時|把斑海豹桑當作代罪羔羊而逃了出來。|雖然不在的期間裡經營的公司全部倒閉，|靠著做屁屁水晶占卜的新公司掛牌成功。	65000	3	22	150	12	14	0	4500	4500	0	30	10	43	6	16385	6	1|100	150|150	0	30@30	200	
608	小小狗仔	ちびわんこ	Li'l_Doge	狗仔的孫子。為了改變爺爺|學測失敗的過去而從未來到了現在。|由於考試的內容和自己的時代相差太多|正為了改變未來而陷入苦戰。	2000	3	20	100	8	0	0	100	0	0	40	24	47	1	256	4			0	32@20!30	30	
609	古兵器生化魚	古兵器マンボロス	Golem_Sunfish	由古代人所建造的恐怖破壞兵器。|據說發射出的光線足以毀滅世界，|因此被傳說的賢者封印在深海裡。|近年流傳著其已從海底浮上的謠言。	1800000	3	3	650	59	64	69	19600	9800	2450	210	42	278	6	130	4	150|650|1050	500|400|400	0	22@100!60|33@100!240	3333	
610	超棘獸樹懶魔	超棘獣ナマケモルガ	THE_FOLIVOREAN	森林遭到破壞而無家可歸，因此|變成了惡魔的最強猛獸。由於到達的|叢林裡找不到適合的樹而大吵大鬧。|尾巴射出的針會使對方動作停止。	1000000	2	13	500	35	37	39	17000	17000	17000	248	34	286	6	10240	7	1|200|350	500|300|150	1	22@40!100|39@50000!50	2000	
611	超闇獸水鴨喬	超闇獣ダックジョー	Casaurian_Darkjo	怪鳥三兄弟的三弟。聽說和自然界的|黑暗面有所往來，正在栽培危險的植物。|會將見過他的人用鳥嘴的強力連續攻擊|以及毒來奪取性命。	2000000	11	20	250	10	21	32	9300	9300	9300	0	34	66	22	8196	7	1|1|1	250|300|350	50	36@5!50	1800	
612	埴輪狗狗	ハニワンワン	Haniwanwan	製造來看家的看門犬埴輪。|為了防盜而有著各種妨礙能力|讓任何人都不得靠近家門。|臉會長得像飼主也是其基本功能。	300000	1	4	120	25	0	0	20000	0	0	48	14	72	1	128	4			0	30@20|21@20!50!60|22@20!60|23@20!60|33@20!60|12@100!4	300	
613	超天獸金猩王	超天獣ラジャコング	Angelic_Beast_Rajakong	長相可怕但其實有顆善良的心，|決定要愛護地球的大自然王者。|毫不懼怕波動和烈波，會用|神聖的拳頭教訓作惡的盜獵者。	1855200	24	36	200	6	0	0	12500	0	0	0	10	16	26	8208	4	250	-300	17	13@10!2	4500	
614	超爆獸不死蟻	超爆獣アリアント	Formicidaean_Ariant	克制不住食慾而在冬天來臨前就將|認真工作所存下來的食物全部吃光|結果吃壞肚子而痛不欲生的螞蟻。|是一緊張肚子就會爆炸的危險傢伙。	75000	1	7	100	160	162	164	45000	45000	45000	268	47	431	10	8256	7	130|260|390	-260|-520|-780	42	34@1!500|35@1!720!100	280	
615	大天使小海蝶	大天使チビネル	Great_Angel_Chibinel	靠關係進到上櫃公司的大天使的少爺|為了改變常被拿來和偉大父母比較的人生|在某個研究所接受了基因改造手術。|正計畫著在近期出馬參加選舉。	160000	4	7	350	40	0	0	4500	0	0	120	40	159	6	16400	4	300	300	0	21@100!50!90|23@100!90	650	
616	貓神面烏拉拉	ネコ神面のウララー	Spiritual_Yulala_(Enemy)		3250000	9	30	200	39	0	0	30000	0	0	0	22	61	10	128	4	400	-800	0	33@100!150|31@100!1!1500	3000	
617			Osamu_Mikumo_&_Doge_(Enemy)		150000	2	5	100	50	0	0	1000	0	0	0	51	101	26	256	4	150	-450	63	13@100!3	1000	
618			Yuma_Kuga_&_Doge_(Enemy)		120000	4	15	200	40	0	0	2000	0	0	0	51	91	26	256	4	300	-600	0	1@50!100	1000	
619	莫爾默德		Marmod_(Enemy)		60000	3	11	100	20	0	0	2000	0	0	40	28	59	10	256	4	150	-600	0	23@100!90	100	
620	紅莫爾默德		Red_Marmod_(Enemy)		90000	1	8	110	20	0	0	3000	0	0	40	28	59	10	1	4	150	-600	0	21@100!50!90	100	
621	黑莫爾默德		Black_Marmod_(Enemy)		120000	5	14	120	20	0	0	4000	0	0	40	28	59	10	4	4	150	-600	0	30@100	100	
622	櫻		Sakura_(Enemy)		400000	4	20	200	6	14	18	6000	6000	6000	118	58	135	10	256	7	350|350|350	-500|-500|-500	0	1@50!100	1000	
623	路克		Luke_(Enemy)		360000	3	22	300	15	0	0	5000	0	0	60	44	74	10	256	4	400	-800	0	9@20!200	1000	
624	超翼獸起源小雞	超翼獣ピヨルーツ	Cumulus_Gallus	小雞們的祖先，據說居住在天空之古塔|根據文獻有著夢幻般的美貌，以及和外型|完全相反的暴躁個性。陷入危機時身上會|纏繞著閃電，危險程度難以想像...	1770000	6	10	320	22	0	0	20000	0	0	68	23	89	2	8448	4			36	1@33!150	1500	
625	10周年 敵城		10th_Anniv._Cake_Doge_(Event_Enemy)		100	1	3	110	30	0	0	1	0	0	0	20	50	2	8	4			0		7	
626	10周年記念大会 敵城		10th_Anniversary_Scarecrow_(Enemy_Base)		100	0	0	300	10	0	0	999999	0	0	600	27	609	2	4096	4			47		0	
627	超古獸摩鴨喬	超古獣マガモジョー	Ancient_Magamojoe	有著三隻鴨小孩，相當老派的鴨子。|用發射烈波來翻桌等破天荒的|教育方式將孩子帶大的頑固父親。|每個月都會給老么零用錢。	2200000	3	13	250	10	21	32	10000	10000	15000	0	34	66	22	8320	1	1|1|1	250|300|350	28	33@100!90|15@50!150!750!2	2100	
628	超猿獸露薩	超猿獣ルーザ	Great_Ape_Luza	自遠古以來一直守護著神木的巨猿|被當作是人類的祖先。|針對會使用「古代詛咒」的「超獸」|準備好對策的話，或許就能掌握勝機。	2500000	4	6	400	60	67	0	45000	45000	0	178	35	244	14	8320	6	400|300	-800|400	1	33@100!300	5555	
629	超生命體傑洛露薩	超生命体ゼロルーザ	Zero_Luza	將作為萬物起源的能源吸收到體內|讓真正的力量覺醒的巨猿。|會毫不留情地揮舞其巨大的雙拳|被逼到絕境時會更充滿破壞力。	4000000	3	4	450	60	67	0	80000	80000	0	148	35	214	14	16512	6	450|375	-900|400	3	33@100!999|1@33!100	9999	
630	異界阻撓貓	メタフィリバスター	Metafilibuster_(Enemy)	彷徨在數不清的世界之間，|不斷進行破壞與再生的謎之生命體。|那深不可測且足以改變世界的力量|會讓所有妨害效果全部無效。	3000000	200	30	2000	1200	0	0	3000000	0	0	0	151	1351	6	2	4	300	4000	63		6000	
631			Rabbit_Doge_(Event_Enemy)		3000	3	25	110	4	0	0	600	0	0	0	14	18	17	256	4			0		150	
632	起源的覺醒塔		Origin_Base_(Enemy_Base)		3000000	0	0	0	1	0	0	0	0	0	0	1	2	1	0	4			63		0	
633	殺意坦克貓	殺意のタンクネコ	Killer_Tank_Cat_(Enemy)		9000	1	10	110	8	0	0	240	0	0	60	8	67	2	4	4			0		200	
634	超舌獸長舌大師	超舌獣ラングマスター	Vermilingua_Rangmaster	住在大自然中的著名雕刻家。|假借要製作裸女雕像的名義和惡魔|訂下契約而獲得了透視能力，|卻沒想到透視後看到的都是骨頭人...	950000	4	10	300	14	15	0	22000	6000	0	0	34	49	26	10240	6	350|350	-650|-650	9	39@400000!50	2000	
635	彩蛋貓之３	ネコエッグ３	Easter_Egg_Cat_(Enemy)		1100000	3	7	200	15	0	0	11000	0	0	46	20	60	10	256	4	300	-600	0	23@100!120	1800	
636	艷魔貴賓	デヴィル夫人	Devil_Wife	靠著小惡魔般的美貌與氣息得到|廣大支持者的網紅。奢華的日常生活與|被打倒時會發射烈波這點很受歡迎。|會將賺的錢全部捐給生活困苦的惡魔。	9500	2	18	150	17	0	0	8000	0	0	0	24	41	17	2048	4			0	41@100!200!800!1	850	
637	巨大三惡魔	オーメンズ	Omens	惡魔三兄弟被古代研究所的機密技術|進行了基因改造後所變成的巨大超生命體。|偶爾三人合作順利時會發射烈波、使對方|動作停止。凶暴程度會隨著戰鬥而增加。	800000	4	7	430	15	20	25	5000	5000	5000	20	19	44	2	18432	7			0	22@30!30|15@30!250!950!1	2000	
638	迷你白色旋風	ミニホワイトサイクロン	Mini_White_Cyclone	白色旋風的次子。正在研究|「吸引力與持久性」的大四學生。|因為最近的掃地機器人越來越發達|導致找不到工作而相當苦惱。	444444	1	5	100	1	0	0	20000	0	0	0	4	5	17	2	4			0		1111	
639	超炎獸提歐尼爾	超炎獣テオニール	Infernal_Pegasus_Deonil	巨大的翅膀能染紅天空，焚燒大地的|遠古天馬。據說凡是見到其身影的人|就會被捲入地上的小波動|而動彈不得直到燃燒殆盡。	1600000	4	4	400	9	0	0	8000	0	0	0	7	16	2	8193	4			20	22@15!50|12@100!4	2100	
640	超豬獸小朱	超豚獣ピーギィ	Suidae_Piggicus	豬小屋王國第56代女王的寵物豬。|因為厭惡每天都得穿著衣服散步而逃跑。|投奔大自然之後過著野豬的幸福生活。|後來才發現那個衣服根本是自己的皮膚。	980000	2	8	200	14	0	0	4500	0	0	24	17	37	2	8224	4			12	22@20!60	700	
641	超象獸澎澎歐	超象獣パパオウ	Elephantidae_Papaou	在嚴酷的大自然中不斷向女性示愛的|肉食系大象。連續遭到分手而|傷痕累累的他，學會了能讓各種|妨害效果無效化的強韌心態。	2000000	1	2	420	12	0	0	13000	0	0	24	19	35	2	8448	4			127		2300	
642	大魔王貓彈	大魔王ニャンダム	Infernal_Tyrant_Nyandam	貓彈為了拍相親用的照片，將外形|重返到56萬年前征服世界時的|邪惡大魔王的樣子。對自己的三高|身高高、學歷高、血糖高很有自信。	4666666	3	3	400	60	70	80	666666	6666	6666	180	65	259	14	2048	3	400|500|1000	-800|300|250	56	36@100!30	6666	
643	大魔導士迷魔	大魔道士ミモーン	Grand_Mage_Mimon	居住在地底迷宮深處的邪惡魔導士。|會把掉入陷阱裡的勇者們抓來|逼他們聽又長又無聊的故事。|最常講住在魔界的大哥所發生的趣事。	3000000	3	4	400	105	0	0	45000	0	0	0	96	201	10	256	4	500	-800	0	23@20!120	3000	
644			644_(Enemy_Base)		100	0	0	300	10	0	0	999999	0	0	600	8	609	2	4096	4			47		0	
645	１０と１/２周年		10th_and_1/2_Anniversary_Birthday_Cake_(Event_Enemy)		100	1	3	110	30	0	0	1	0	0	0	20	50	2	8	4			0		7	
646	紅髮小雪貓	赤髪のビューティムキにゃん	Redhead_Muscled_Yuki_Cat_(Enemy)		600000	3	8	340	41	0	0	4500	0	0	0	40	81	2	2	4			0	22@100!20|15@100!150!600!1	1500	
647	EVA第13號機		Eva_Unit-13_(Enemy)		3000000	3	8	210	55	60	65	30000	30000	30000	0	76	141	26	256	7	460|460|460	-3600|-3600|-3600	127	23@100!150|14@100!400!700!1	10000	
648	小丑塔		Clown_Base_(Enemy_Base)		10	1	0	50	1	0	0	1	0	0	1000	1	1000	1	0	4			47		0	
649	聖天極破壞一族	聖天ゴクラッコ	Lutrinae_Gokurakko	在天界擔任移民官的海獺。|用充滿了神聖祝福的「就是個金塊」|將沒有資格進入天國的人打落地獄。|一旦受到烈波攻擊就會召喚魔物。	400000	3	15	150	14	0	0	4497	0	0	0	9	23	10	16	4	200	-500	0	30@50|40&	400	
650	超爆獸恐暴約翰	超暴獣イビルージョン	Iguanidae_Ibilujon	來自國外的外來物種的祖先。|原本希望利用他的食慾來驅除害蟲，|但那不受控制的暴食行為讓人束手無策。|現在已對自然生態造成威脅。	4200000	4	5	400	16	0	0	30000	0	0	80	18	95	10	8320	4	550	-850	41	33@100!120|40&	2500	
651	EVA 合作活動 敵城		Finale_Base_(Enemy)		50	1	0	50	1	0	0	1	0	0	1000	1	1000	1	8	4			47		0	
652	超魚獸不死燈魚	超魚獣アンガブル	Lophiiformes_Angaburu	要重考第10次而對念書感到疲倦的重考生。|聽說不死生物不用上學也沒有考試|於是就立刻加入了他們的行列，但馬上|就感受到理想與現實的差距而相當後悔。	420000	3	10	280	16	0	0	13000	0	0	50	19	65	2	8258	4			0	23@100!50|35@1!180!50|14@75!280!980!1	450	
653	爸氣妖怪河童	川野かわわっぱ	Kappy_Kawano	住在深山沼澤且已經成家立業的大妖怪。|用自家種的苦瓜配合壯碩身材|所施展的攻擊讓他在外無人能敵，|但回到家中則是凡事都聽太太的。	2600000	4	12	380	60	66	72	38000	38000	38000	140	39	211	2	256	7			32	40&|15@100!150!1000!1	2500	
654	機械咩咩	メガメェメェ	Mega_Baa_Baa	被用古代研究所的極密技術進行基因改造|巨大化並轉生為超生命體的羊。|原本對自己充滿個性的外型感到滿意，|但最近開始考慮要將鼻樑增高。	48000	1	8	200	12	16	20	13000	13000	13000	60	36	79	9	16640	7	230|230|230	-300|-300|-300	0	40&	200	
655	超牙獸鱷魚雷克斯	超牙獣クロコックス	Crocodylidae_Kurocroc	在享受最近流行的單人露營的樂趣時|不知不覺迷上野生世界的鱷魚。|用BBQ的木炭將精實的身材塗黑，|成為統治著原生林的凶暴王者。	2900000	20	40	300	8	0	0	30000	0	0	0	113	121	26	8196	4	450	-750	6	21@100!50!90	3500	
656	初音未來 16th		Hatsune_Miku_XVI_(Enemy)		240000	3	10	350	49	0	0	5000	0	0	80	57	128	2	2	4			0	23@100!60|15@100!150!950!2	3900	
657	運動會塔		Relay_Base_(Enemy_Base)		10	1	0	50	1	0	0	1	0	0	1000	1	1000	1	0	4			47		0	
658	迷你天使旋風	ミニエンジェルサイクロン	Mini_Angel_Cyclone	天使旋風的掌上明珠。從小就備受呵護，|讓她不受世俗沾染。每天晚上都會趁|父母熟睡後偷偷跑出家門，|用小烈波來淨化這個世界。	288888	44	44	100	1	0	0	4444	0	0	0	4	5	18	16	4			0	14@25!150!750!1	888	
659	超禍獸真格利昂	超禍獣シングリオン	Ensanglion_the_Calamity	過去因為敗給了持有善心的另一個自己，|而被封印在秘境深處的傳說古龍。|封印後與日俱增的瘴氣讓野獸們超獸化，|而封印也在經歷長年歲月後終於解除。	2800000	4	35	350	84	0	0	200000	0	0	140	52	223	10	8194	4	550	-800	87	21@100!50!60	4000	
660	極惡摩西根貓	極悪なネコモヒカン	Malevolent_Mohawk_Cat		3600000	30	25	240	8	0	0	18000	0	0	0	8	16	2	2048	4			47	39@48000!100|40&	2000	
661	極惡橡皮貓	極悪なゴムネコ	Malevolent_Eraser_Cat		5500000	1	2	380	8	0	0	20000	0	0	100	8	107	2	2048	4			0	40&|15@100!150!550!2	2000	
662	極惡暗黑貓	極悪な暗黒ネコ	Malevolent_Dark_Cat		2100000	3	7	360	8	0	0	8750	0	0	0	8	16	2	2048	4			0	33@100!300|1@34!100|39@700000!100|40&	2000	
663	極惡筋肉美腿貓	極悪なムキあしネコ	Malevolent_Macho_Leg_Cat		600000	2	6	100	8	0	0	13200	0	0	40	4	47	2	2048	4			0	40&|15@100!150!600!4	1000	
664	極惡獅子貓	極悪なネコライオン	Malevolent_Lion_Cat		420000	2	28	100	6	0	0	9900	0	0	0	4	10	1	2048	4			0	39@40000!100|40&	500	
665	極惡天空之貓	極悪な天空のネコ	Malevolent_Flying_Cat		1820000	3	2	640	20	0	0	53000	0	0	150	6	169	2	2048	4			0	39@1340000!100|40&|12@50!2	1999	
666	極惡島貓	極悪なネコ島	Malevolent_Island_Cat		327000	1	6	260	10	0	0	17750	0	0	0	8	18	2	2048	4			0	41@100!250!750!1|40&	520	
667	極惡龍王貓	極悪なネコキングドラゴン	Malevolent_King_Dragon_Cat		700000	4	7	785	10	0	0	4850	0	0	40	5	49	2	2048	4			0	39@70000!100|40&	1350	
668	極惡賈拉米貓	極悪なネコジャラミ	Malevolent_Jamiera_Cat		2500000	4	4	160	18	0	0	33000	0	0	0	14	32	10	2048	4	320	-640	0	9@20!500|39@500000!100|40&	2125	
669	鍋子塔		Tsubo_(Enemy_Base)		1000	0	0	0	1	0	0	1	0	0	0	1	2	2	0	4			47		0	
670	第5章 わんわん城の戦い - 迷你狗仔大王	大王の化身	Secret_Doge_(Enemy)		100000	2	8	270	65	0	0	500	0	0	58	26	122	10	2	4	540	-1080	0	22@100!40	1111	
671	最終章 決戦！わんわん大王 - 狗仔大王	わんわん大王	The_Doge_God_(Enemy)		20	1	2	1000	90	120	150	1	1	1	0	51	201	18	8	7			0		1111	
672	週年紀念生日蛋糕	ケーキわんこ	11th_Anniversary_Birthday_Cake_(Event_Enemy)		100	1	3	110	30	0	0	1	0	0	0	20	50	2	8	4			0		7	
673	週年紀念木人城		11th_Anniversary_Scarecrow_(Enemy_Base)		100	0	0	300	10	0	0	999999	0	0	600	27	609	2	4096	4			47		0	
674	貓咪神面烏嚕哩	ネコ神面のウリル	Esoteric_Uril_(Enemy)		4500000	14	5	300	20	0	0	28500	0	0	44	29	63	10	128	4	550	-950	0	23@50!60|33@100!300|15@100!200!450!4	3333	
675	越戰合作敵		Sol_Dae_Rokker_(Enemy)		200000	6	16	300	88	106	124	5000	5000	5000	0	81	205	26	2	7	450|300|1	-900|-900|-900	0		3000	
676	龍年狗狗		Dragon_Doge_(Event_Enemy)		3000	3	25	110	4	0	0	600	0	0	0	14	18	17	256	4			0		150	
677	論之賢者蘇拉格底	論の賢者ソラクティス	Sage_of_Mind_Soractes	從多維空間來到這裡觀測世界，|干涉並給予了人類智慧的超賢者。|為了滿足無限的求知慾而四處徘徊時，|遇到了貓咪軍團這個未知的存在。	4000000	10	18	250	12	0	0	24000	0	0	0	9	21	10	32770	4	430	-860	0	22@30!60	6000	
678	殺意戰鬥貓塔		Killer_Axe_Cat_Base_(Enemy_Base)		30000	1	0	2000	42	0	0	600	0	0	256	26	297	2	0	4			47		0	
679	名賢狗仔	名賢わんこ	Dogenstein	重考生狗仔。身上隨時都帶著|雜誌廣告所宣傳的奇蹟護身符。|用護身符的力量過度解讀了考題|背後的涵義，導致今年又再次落榜。	120000	3	18	120	6	0	0	10000	0	0	30	12	35	2	33024	4			0	22@35!90	250	
680	天使眼鏡猴人	天使メガミエル	Tarsiriel	因眼鏡度數不合而跌倒，|石頭還卡進額頭裡的眼鏡猴。|就這樣過世而到了天國的他，|只要有人來到天國就會去辯駁對方。	650000	6	8	320	11	0	0	5500	0	0	120	9	130	6	32784	4	420	350	0	23@100!150	750	
681			Artillery_Scarecrow_(Enemy_Base)		100	0	0	450	10	0	0	999999	0	0	200	27	209	2	4096	4			47		0	
682	黑暗杜賓	ドヴェルダーク	Dark_Dober	戴上神秘項圈後音樂才能覺醒的黑犬。|雖然無法彈奏樂器，但靠著豐富的|音樂知識指揮別人協助其作曲，|並以自己的名義發表樂曲。	2000000	6	12	200	30	0	0	13000	0	0	0	17	47	10	32772	4	350	-600	0	21@100!25!60|12@33!3	2000	
683	大型陶器埴輪巨犬	大型土器ダイハニワン	Gigahaniwan	被古代研究所從遺跡中挖掘出來後，受到|基因改造而變成戰鬥兵器的超大型埴輪。|有著不會被詛咒的體質，會發射有多種|妨害效果的波動。凶暴程度會隨著戰鬥而增加。	1000000	1	5	350	44	0	0	5000	0	0	0	37	81	2	16512	4			128	30@30|21@30!50!90|22@30!90|23@30!90|33@100!90|13@100!4	2300	
684	謎の厄災	謎の厄災	Mysterious_Calamity		250000	3	3	250	40	0	0	4500	0	0	200	42	239	10	2	4	800	-1600	10	21@100!50!240|1@33!100	11115	
685	操られしわんわん大王	操られしわんわん大王	Possessed_Doge_God		80000	3	2	1000	90	120	150	1000	1000	1000	212	71	361	2	2	7			0	22@100!50	1111	
686	染香綺狐 ‧ 妲己	染香綺狐 ‧ 妲己	Voluptuous_Peony_-_Daji_(Enemy)		400000	8	8	300	45	0	0	10000	0	0	204	48	248	10	2	4	450	-900	0	23@100!120	3000	
687	瘋頭	瘋頭	Madhead_(Enemy)		30000	3	10	200	37	0	0	3000	0	0	0	32	69	10	256	4	300	-600	0	21@100!50!120	300	
688	緋村劍心	緋村剣心	Kenshin_Himura_(Enemy)		90000	3	9	435	27	0	0	6000	0	0	106	71	132	2	256	4			0		1500	
689	相樂左之助	相楽左之助	Sanosuke_Sagara_(Enemy)		200000	2	10	340	73	0	0	6000	0	0	120	68	192	10	256	4	440	-640	0		1500	
690	四乃森蒼紫	四乃森蒼紫	Aoshi_Shinomori_(Enemy)		150000	5	15	400	60	0	0	3500	0	0	184	61	243	6	256	4	250	400	0	22@100!150	1500	
691	齋藤一	斎藤一	Hajime_Saito_(Enemy)		220000	10	55	200	3	0	0	8000	0	0	0	128	131	26	256	4	400	-600	0		1500	
692	KO博士袋拳	ドクターK.O.	Doctor_K.O.	為了讓誤入歧途的兒子看見自己的|英姿而踏入拳擊界的科學家。|因為必勝能量石的效果而變得更聰明，|開發出了絕對不會被發現的禁藥。	380000	3	28	170	2	4	8	13000	500	5100	0	11	19	18	32769	7			0		650	
693			Wave_Scarecrow_(Enemy_Base)		100	0	0	300	10	0	0	999999	0	0	700	27	709	2	4096	4			47	13@100!20	0	
694	鬣老狼G	テク・ノロ爺	Techn-Old_Hyena	一邊說著自己是宇宙第一的天文學家|一邊拿出過去學會所贈與的參加獎的|老鬣狗。會把反對自己所研究出的|學說的年輕人強制送到其他次元。	850000	3	9	350	30	0	0	12022	0	0	30	30	60	10	32800	4	390	-690	128	31@100!500!1200|40&	1505	1
695	原木	丸太	Log_(Enemy)		2000	3	25	75	8	0	0	500	0	0	0	77	85	26	256	4	150	-450	0	30@100|23@100!60	150	
696	大石頭	大岩	Boulder_(Enemy)		10000	1	15	100	16	0	0	2000	0	0	0	131	147	26	256	4	150	-600	0		250	
697	魔王燕	ツバサターン	Diabrollow	非常貪愛金色物品的燕子。因為|撿到了發出詭異光芒的石頭而開始了|到府收購寶石的生意。總是告訴客人|收購金額一定會在事業成功後付清。	60000	15	77	150	1	0	0	12000	0	0	0	136	137	18	34816	4			0	30@100|12@100!3	200	
698	ダ・チョー老	ダ・チョー老			1600000	4	22	300	4	0	0	23000	0	0	0	13	17	18	32832	4			0	35@-1!180!50|36@20!20	1080	
699	生命の賢者Dr.ノーヴァ	生命の賢者Dr.ノーヴァ			5000000	8	7	350	60	0	0	99999	0	0	160	71	219	6	32896	4	250	400	0	23@100!200|33@100!999|45@100!1400!0	9999	
700	イディ:Ne	イディ:Ne			555555	20	44	150	4	0	0	50000	0	0	0	137	141	26	128	4	300	-600	17	33@100!600	1500	
701	ネコ給食当番	ネコ給食当番			1700000	8	25	150	12	0	0	25000	0	0	0	71	83	26	256	4	300	-550	4	33@100!90	1500	
