id	name_tw	name_jp	stars	mapcond	stagecond	materialdrop	multiplier	flags	waitfortimer	resetmode	specialcond	invalid_combo	limit	costmulti
0	傳說的開始	伝説のはじまり	100,150,200,300			1o,d,0,d,d,0,0,0,0	0.75,1,1,1			0			3,-1,6,0,0,0,0,0	
1	熱情的國家	情熱の国	100,150,200,300			1o,f,5,a,a,0,0,0,0	0.75,1,1,1			0			3,-1,6,0,0,0,0,0	
2	葡萄糖胺沙漠	グルコサミン砂漠	100,150,200,300			1o,r,0,9,4,0,0,0,0	0.75,1,1,1			0			3,-1,6,0,0,0,0,0	
3	貓咪們渡海	猫ども海を渡る	100,150,200,300			1o,r,0,a,3,0,0,0,0	0.75,1,1,1			0			3,-1,6,0,0,0,0,0	
4	凝視著貓眼石	見つめてキャッツアイ	100,150,200,300			1o,g,g,8,0,0,0,0,0	0.75,1,1,1			0			3,-1,6,0,0,0,0,0	
5	西方街道	ウエスタン街道	100,150,200,300			1o,p,7,4,4,0,0,0,0	0.75,1,1,1			0			3,-1,6,0,0,0,0,0	
6	鮪魚海域	マグロ海域	100,150,200,300			1o,k,3,a,7,0,0,0,0	0.75,1,1,1			0			3,-1,6,0,0,0,0,0	
7	竹子島	バンブー島	100,150,200,300			1o,k,0,f,5,0,0,0,0	0.75,1,1,1			0			3,-1,6,0,0,0,0,0	
8	黏糊糊的鐘乳洞	ぷにぷに鍾乳洞	100,150,200,300			1o,8,a,k,3,0,0,0,0	0.75,1,1,1			0			3,-1,6,0,0,0,0,0	
9	瓦魯肯諾火山	ボルケーノ火山	100,150,200,300			1m,q,b,4,0,2,0,0,0	0.75,1,1.25,1.25			0			3,-1,6,0,0,0,0,0	
a	千里之道	千里の道	100,150,200,300			1m,f,5,a,a,0,2,0,0	0.75,1,1.25,1.25			0			3,-1,6,0,0,0,0,0	
b	鹹魚要塞	アオ・ザ・カナ	100,150,200,300			1m,r,0,9,4,0,0,2,0	0.75,1,1.25,1.25			0			3,-1,6,0,0,0,0,0	
c	軍艦島	軍艦島	100,150,200,300			1l,p,0,d,3,2,0,0,0	0.75,1,1.25,1.25			0			3,-1,6,0,0,0,0,0	
d	貓咪磨爪的走廊	つめとぎの廊下	100,150,200,300			1l,k,a,a,0,0,2,0,0	0.75,1,1.25,1.25			0			3,-1,6,0,0,0,0,0	
e	帕德嫩神殿	パルテノン神殿	100,150,200,200			1l,e,9,e,5,0,0,2,0	0.75,1,1.25,1.25			0			3,-1,6,0,0,0,0,0	
f	退潮的海水浴場	ずんどこ海水浴場	100,150,200,200			1l,d,8,j,0,3,0,0,0	0.75,1,1.25,1.25			0			3,-1,6,0,0,0,0,0	
g	惡魔島	アルカトラズ島	100,150,200,200			1l,d,d,d,0,0,3,0,0	0.75,1,1.25,1.25			0			3,-1,6,0,0,0,0,0	
h	越獄隧道	脱獄トンネル	100,150,170,150			1k,b,b,h,3,0,0,3,0	0.75,1,1.25,1.25			0			3,-1,6,0,0,0,0,0	
i	卡彭監獄	カポネの監獄	100,150,170,140			1k,2,2,o,5,a,1,0,0	0.75,1,1.25,1.25			0			3,-1,6,0,0,0,0,0	
j	絲綢之路	シルクロード	100,140,160,140			1j,a,a,8,4,a,0,1,0	0.75,1,1.25,1.25			0			3,-1,6,0,0,0,0,0	
k	通向黑暗的地下道	闇へと続く地下道	100,130,150,130			1j,f,c,8,1,7,1,0,0	0.75,1,1.25,1.25			0			3,-1,6,0,0,0,0,0	
l	魔王的豪宅	魔王の豪邸	100,120,140,130			1j,a,a,f,5,5,0,1,0	0.75,1,1.25,1.25			0			3,-1,6,0,0,0,0,0	
m	終焉宣告之夜	終わりを告げる夜	100,120,140,120			1j,6,a,d,4,b,1,0,0	0.75,1,1.25,1.25			0			3,-1,6,0,0,0,0,0	
n	大混戰	バトルロワイアル	100,120,140,120			1j,f,4,8,4,d,0,1,0	0.75,1,1.25,1.25			0			3,-1,6,0,0,0,0,0	
o	戰爭的傷痕	戦争のつめあと	100,120,140,110			1i,9,c,7,2,5,c,0,0	0.75,1,1.25,1.25			0			3,-1,6,0,0,0,0,0	
p	污染海洋的壞人	海を汚す悪しき者	100,120,140,110			1i,c,7,4,4,b,9,0,0	0.75,1,1.25,1.25			0			3,-1,6,0,0,0,0,0	
q	連接心身的東西	心と体、繋ぐもの	100,120,140,100			1h,e,9,7,0,0,h,1,0	0.75,1,1.25,1.25			0			3,-1,6,0,0,0,0,0	
r	脆弱性和弱酸性	脆弱性と弱酸性	100,120,140,100			1h,5,h,a,2,6,6,0,0	0.75,1,1.25,1.25			0			3,-1,6,0,0,0,0,0	
s	被引導的貓咪們	導かれしネコ達	100,120,140,100			1g,7,f,9,2,4,b,0,0	0.75,1,1.25,1.25			0			3,-1,6,0,0,0,0,0	
t	黑暗的國際城市	暗黒コスモポリス	100,120,140,100			1g,9,e,7,0,d,4,1,0	0.75,1,1.25,1.25			0			3,-1,6,0,0,0,0,0	
u	加拉・巴・哥	ガラ・パ・ゴス	100,120,140,100			1f,a,6,i,4,4,8,0,0	0.75,1,1.25,1.25			0			3,-1,6,0,0,0,0,0	
v	岩海苔半島	岩海苔半島	100,120,140,100			1f,8,j,8,3,5,5,0,0	0.75,1,1.25,1.25			0			3,-1,6,0,0,0,0,0	
w	惡羅斯聯邦	恐ろし連邦	100,120,140,100			1e,c,c,c,0,8,8,0,0	0.75,1,1.25,1.25			0			3,-1,6,0,0,0,0,0	
x	亡者聚集之地	亡者の住まう地	100,120,140,100			1e,6,6,6,0,4,0,r,0	0.75,1,1.25,1.25			0			3,-1,6,0,0,0,0,0	
y	孤島大瘟疫	絶島パンデミック	100,120,140,100			1d,9,5,5,e,0,0,j,0	0.75,1,1.25,1.25			0			3,-1,6,0,0,0,0,0	
z	迪死你樂園	ふくろのねずみランド	100,120,130,100			1d,4,4,7,0,4,4,r,0	0.75,1,1.25,1.25			0			3,-1,6,0,0,0,0,0	
10	豪來塢帝國	ハリーウッド帝国	100,120,130,100			1d,5,3,5,3,3,0,w,0	0.75,1,1.25,1.25			0			3,-1,6,0,0,0,0,0	
11	小跟班海岸	こしぎんちゃくの浜辺	100,120,130,100			1c,f,6,6,0,3,i,3,0	0.75,1,1.25,1.25			0			3,-1,6,0,0,0,0,0	
12	雲泥溫泉鄉	雲泥温泉郷	100,120,130,100			1c,h,0,f,c,5,2,0,0	0.75,1,1.25,1.25			0			3,-1,6,0,0,0,0,0	
13	濃濃春色島	風待ちアイランド	100,120,130,100			1c,a,k,3,0,7,7,7,0	0.75,1,1.25,1.25			0			3,-1,6,0,0,0,0,0	
14	IT地下墓穴	ITカタコンベ	100,120,130,100			1b,a,a,d,0,d,0,7,0	0.75,1,1.25,1.25			0			3,-1,6,0,0,0,0,0	
15	怪展會之畫	変覧会の絵	100,120,130,100			1b,c,9,6,6,f,3,3,0	0.5,0.75,1,1			0			3,-1,6,0,0,0,0,0	
16	22區	エリア２２	100,120,130,100			1b,0,7,0,3,3,x,7,0	0.75,1,1.25,1.25			0			3,-1,6,0,0,0,0,0	
17	超越大草原	超越サバンナ	100,120,130,100			1a,0,0,5,0,e,w,3,0	0.75,1,1.25,1.25			0			3,-1,6,0,0,0,0,0	
18	暴風雪車道	ブリザード自動車道	100,120,130,100			1a,8,8,8,0,8,c,c,0	0.75,1,1.25,1.25			0			3,-1,6,0,0,0,0,0	
19	奇點村	シンギュラリティ村	100,120,130,100			1a,i,3,a,5,8,a,0,0	0.75,1,1.25,1.25			0			3,-1,6,0,0,0,0,0	
1a	最終大陸	オワーリ大陸	100,120,130,100			19,9,e,e,e,5,0,0,0	0.75,1,1.25,1.25			0			3,-1,6,0,0,0,0,0	
1b	傳說的終點	伝説のおわり	100,120,130,100			19,9,2,9,4,d,8,9,0	0.75,1,1.25,1.25			0			3,-1,6,0,0,0,0,0	
1c	古代研究所	古代研究所	100,120,130,100			19,b,m,b,0,b,0,0,0	0.75,1,1.25,1.25			0			3,-1,6,0,0,0,0,0	
rs	星期一關卡	月曜ステージ								0				
rt	星期二關卡	火曜ステージ								0				
ru	星期三關卡	水曜ステージ								0				
rv	星期四關卡	木曜ステージ								0				
rw	星期五關卡	金曜ステージ								0				
rx	週末關卡	土日ステージ(旧)						16		0				
ry	貓咪券★機會！	にゃんチケ★チャンス！								0				
rz	逆襲的河馬將	逆襲のカバちゃん			1					0				
s0	秋天運動會！	秋だよ運動会！(旧)	100,150,200					16		0				
s1	勞動感謝特別活動！	勤労感謝スペシャル！	100,150,200,300							0			3,-1,6,0,0,0,0,0	
s2	聖誕節居然來了！	なんとクリスマスが来た！	100,150,200,300							0			3,-1,6,0,0,0,0,0	
s3	新年快樂？	新年、あけました！おめっ...	100,150,200,300							0			3,-1,6,0,0,0,0,0	
s4	被召喚的福！	召喚された福！	100,150,200,250							0			3,-1,6,0,0,0,0,0	
s5	人偶架上的戰士們	雛壇の戦士達	100,150,200,300							0			3,-1,6,0,0,0,0,0	
s6	紅色突變	紅のカタストロフ			1					0				
s7	黑暗天堂	ダークネスヘブン			1					0				
s8	國士無雙	国士無双			1					0				
s9	狂亂貓咪降臨	狂乱のネコ降臨			1					0				
sa	狂亂坦克貓降臨	狂乱のタンク降臨			1					0				
sb	狂亂戰鬥貓降臨	狂乱のバトル降臨			1					0				
sc	狂亂噁心貓降臨	狂乱のキモネコ降臨			1					0				
sd	狂亂牛貓降臨	狂乱のウシ降臨			1					0				
se	狂亂鳥貓降臨	狂乱のトリ降臨			1					0				
sf	狂亂魚貓降臨	狂乱のフィッシュ降臨			1					0				
sg	狂亂蜥蜴貓降臨	狂乱のトカゲ降臨			1					0				
sh	狂亂巨神貓降臨	狂乱の巨神降臨			1					0				
si	春天來了!高校教師	春だよ！高校教師	100,150,200,300							0			3,-1,6,0,0,0,0,0	
sj	週末關卡	土日ステージ						8		0				
sk	游擊戰經驗值喵！	ゲリラ経験値にゃ！						8		0				
sl	相思病戀歌	コイの五月病	100,150,200,300							0			3,-1,6,0,0,0,0,0	
sm	禁斷之妻	禁断の花嫁	100,150,200,300							0			3,-1,6,0,0,0,0,0	
sn	因為夏天喵！	だって夏じゃニャーイ！	100,150,200,300							0			3,-1,6,0,0,0,0,0	
so	返鄉熱潮！	あの世からの帰省ラッシュ！	100,150,200,300							0			3,-1,6,0,0,0,0,0	
sp	月間活動全明星 特別紀念！	月イベントオールスターズ スペシャル記念！	100,150,200		1					0				
sq	月間活動全明星 超強紀念！	月イベントオールスターズ ウルトラ記念！	100,150,200		1					0				
sr	月間活動全明星 無敵紀念！	月イベントオールスターズ ミラクル記念！	100,150,200		1					0				
ss	在鎮上看到的超強老人	町でみたすごい老人	100,150,200,300							0			3,-1,6,0,0,0,0,0	
st	韓国版☆特別ステージ	韓国版☆特別ステージ								0				
su	秋天運動會！	秋だよ運動会！	100,150,200,300							0			3,-1,6,0,0,0,0,0	
sv	天譴	天罰		1	2					0				
sw	祝你生日快樂！ 之１	バースデープレゼント！その1								0				
sx	祝你生日快樂！ 之２	バースデープレゼント！その2								0				
sy	祝你生日快樂！ 之３	バースデープレゼント！その3								0				
sz	鐵子的部屋	鉄子の部屋		1	2					0				
t0	今年也請多指教！	ことよろにゃ！								0				
t1	開眼女優貓來襲！	開眼の女優襲来！		1	2					0				
t2	開眼功夫貓來襲！	開眼のカンフー襲来！		1	2					0				
t3	開眼Mr.來襲！	開眼のMr.襲来！		1	2					0				
t4	開眼緊縛貓來襲！	開眼の猫縛り襲来！		1	2					0				
t5	開眼女王貓來襲！	開眼の女王猫襲来！		1	2					0				
t6	開眼箱貓來襲！	開眼の箱詰め襲来！		1	2					0				
t7	開眼三角褲貓來襲！	開眼のパンツ襲来！		1	2					0				
t8	開眼輪輪貓來襲！	開眼のリンリン襲来！		1	2					0				
t9	開眼忍者貓來襲！	開眼の忍者襲来！		1	2					0				
ta	開眼殭屍貓來襲！	開眼のゾンビ襲来！		1	2					0				
tb	開眼武士貓來襲！	開眼のさむらい襲来！		1	2					0				
tc	開眼相撲貓來襲！	開眼のスモウ襲来！		1	2					0				
td	開眼狂歡貓來襲！	開眼のフィーバー襲来！		1	2					0				
te	開眼短裙貓來襲！	開眼のスカート襲来！		1	2					0				
tf	超級游擊經驗值喵！	超ゲリラ経験値にゃ！		1	3			8		0				
tg	情人節ｖｓ白色情人節大戰爭	バレンタインVSホワイトデー大戦争(旧)	100,150,200					16		2				
th	黑夜襲擊　1st	闇討ち 1st(旧)	100,150,200					16		0				
ti	黑夜襲擊　2nd	闇討ち 2nd(旧)	100,150,200					16		0				
tj	黑夜襲擊　3rd	闇討ち 3rd(旧)	100,150,200					16		0				
tk	黑夜襲擊　Last	闇討ち Last(旧)	100,150,200					16		0				
tl	貓咪大戰爭3DS！	とびだす！にゃんこ大戦争	100,150,200,300							2			3,-1,6,0,0,0,0,0	
tm	絕望異次元	絶望異次元		1	2					0				
tn	小籠包★Q彈來襲	TWその１								0				
to	慶祝2000萬下載紀念 HAPPY大禮！	2000万ダウンロード記念 ハッピープレゼント！								0				
tp	極難祭！	極ムズカーニバル！			1					1				
tq	月間活動全明星 絕佳紀念！	月イベントオールスターズ ワンダフル記念！	100,150,200		1					0				
tr	EN１	EN１								0				
ts	正統萬聖節到來!	王道ハロウィン到来！(旧)	100,150,200					16		0				
tt	游擊星期一關卡	ゲリラ月曜ステージ		1	4					0				
tu	游擊星期二關卡	ゲリラ火曜ステージ		1	4					0				
tv	游擊星期三關卡	ゲリラ水曜ステージ		1	4					0				
tw	游擊星期四關卡	ゲリラ木曜ステージ		1	4					0				
tx	游擊星期五關卡	ゲリラ金曜ステージ		1	4					0				
ty	逆襲的臉君	逆襲のカオル君		1	4					1				
tz	活動全明星關卡 卓越紀念！	イベントオールスターズ エクセレント記念！	100,150,200		1					0				
u0	生日禮物！	バースデープレゼント！								0				
u1	紅鼻子聖誕老人的禮物！	赤鼻サンタのプレゼント！(旧)	100,150,200					16		0				
u2	新年也請多多指教!	ことよろにゃ！(ΦωΦ)								0				
u3	開眼成人貓來襲！	開眼のにゃんこ成人襲来！		1	2					0				
u4	開眼我是鬼來襲！	開眼の吾輩は鬼である襲来！		1	2					0				
u5	開眼人偶貓咪來襲！	開眼のひなにゃんこ襲来！		1	2					0				
u6	開眼少女貓來襲！	開眼のネコ乙女襲来！		1	2					0				
u7	開眼至死不渝的戀情來襲！	開眼のマジでコイしてる襲来！		1	2					0				
u8	開眼新娘太太來襲！	開眼のマダム・ザ・花嫁襲来！		1	2					0				
u9	開眼女王的假期來襲！	開眼の女王様の休日襲来！		1	2					0				
ua	開眼幽魂吶吶來襲！	開眼のうらめしにゃん襲来！		1	2					0				
ub	開眼功夫貓Ｇ來襲！	開眼のカンフーにゃんこＧ襲来！		1	2					0				
uc	開眼運動會貓來襲！	開眼のネコ運動会襲来！		1	2					0				
ud	開眼上班族貓來襲！	開眼のネコリーマン襲来！		1	2					0				
ue	開眼的馴鹿魚來襲！	開眼のトナカイフィッシュ襲来！		1	2					0				
uf	斷罪天使海蝶降臨	断罪天使クオリネル降臨		1	4			4		0				
ug	緊急暴風警報	緊急爆風警報		1	4					0				
uh	進化的綠色貓薄荷	進化の緑マタタビ(旧)		1	3			16		0				
ui	進化的紫色貓薄荷	進化の紫マタタビ(旧)		1	3			16		0				
uj	進化的紅色貓薄荷	進化の赤マタタビ(旧)		1	3			16		0				
uk	進化的藍色貓薄荷	進化の青マタタビ(旧)		1	3			16		0				
ul	進化的黃色貓薄荷	進化の黄マタタビ(旧)		1	3			16		0				
um	大狂亂貓咪降臨	大狂乱のネコ降臨		a	j					0				
un	大狂亂坦克貓降臨	大狂乱のタンク降臨		b	j					0				
uo	大狂亂戰鬥貓降臨	大狂乱のバトル降臨		c	j					0				
up	大狂亂噁心貓降臨	大狂乱のキモネコ降臨		d	j					0				
uq	大狂亂牛貓降臨	大狂乱のウシ降臨		e	j					0				
ur	大狂亂鳥貓降臨	大狂乱のトリ降臨		f	j					0				
us	大狂亂魚貓降臨	大狂乱のフィッシュ降臨		g	j					0				
ut	大狂亂蜥蜴貓降臨	大狂乱のトカゲ降臨		h	j					0				
uu	大狂亂巨神貓降臨	大狂乱の巨神降臨		i	j					0				
uv	禍不單行	弱り目に祟り目		3	4					3				
uw	神判日	神判の日		3	4					3				
ux	協賛BitSummit記念！	協賛BitSummit記念！								0				
uy	超尖端科技	オーバーテクノロジー		3	4					3				
uz	心動夏日祭典	ときめき夏祭り	100,150,200							2				
v0	神秘宅速配	謎の宅配便								1				
v1	地獄門	地獄門		1	4			4		0				
v2	貓薄荷挑戰	マタタビチャレンジ		1	3					0				
v3	女帝飛來	女帝飛来		1	4			4		0				
v4	極難祭2！	極ムズカーニバル2！			1					1				
v5	文化祭美食戰爭	文化祭グルメ戦争(旧)						16		0				
v6	滾死樂團	ローリングデッド		1	4					0				
v7	生日禮物！	バースデープレゼント！								0				
v8	終極游擊經驗值喵！	極ゲリラ経験値にゃ！		3	4			8		0				
v9	貓咪雪祭	にゃんこ雪まつり								2				
va	今年也請多指教！	ことよろにゃ！(ΦωΦ)								0				
vb	日本貓咪節	２２２ ～猫の日～(旧)	100,130,150					16		0				
vc	亡者肥普降臨	亡者デブウ降臨		1	4			4		0				
vd	神秘復活節	謎のイースター	100,150,200,300							2			3,-1,6,0,0,0,0,0	
ve	開眼小小貓來襲！	開眼のちびネコ襲来！		4	4					0			0,-1,6,0,0,0,0,0	
vf	開眼小小坦克貓來襲！	開眼のちびタンクネコ襲来！		4	4					0			0,-1,6,0,0,0,0,0	
vg	開眼小小戰鬥貓來襲！	開眼のちびバトルネコ襲来！		4	4					0			0,-1,6,0,0,0,0,0	
vh	開眼小小噁心貓來襲！	開眼のちびキモネコ襲来！		4	4					0			0,-1,6,0,0,0,0,0	
vi	開眼小小牛貓來襲！	開眼のちびウシネコ襲来！		4	4					0			0,-1,6,0,0,0,0,0	
vj	開眼小小鳥貓來襲！	開眼のちびネコノトリ襲来！		4	4					0			0,-1,6,0,0,0,0,0	
vk	開眼小小魚貓來襲！	開眼のちびネコフィッシュ襲来！		4	4					0			0,-1,6,0,0,0,0,0	
vl	開眼小小蜥蜴貓來襲！	開眼のちびネコトカゲ襲来！		4	4					0			0,-1,6,0,0,0,0,0	
vm	開眼小小巨神貓來襲！	開眼のちびネコ巨神襲来！		4	4					0			0,-1,6,0,0,0,0,0	
vn	神秘好禮！	謎のプレゼント								0				
vo	日進斗金 淘金夢	黄金週間ゴールデンウィーク								2				
vp	協賛BitSummit記念！	協賛BitSummit記念！								0				
vq	濕濕黏黏大進擊！	じめじめなめなめ大進撃！(旧)						16		0				
vr	開眼のにゃんこカート襲来！	開眼のにゃんこカート襲来！		1	2					0				
vs	開眼のネコンドー襲来！	開眼のネコンドー襲来！		1	2					0				
vt	3000萬下載紀念 HAPPY大禮！	3000万ダウンロード記念 ハッピープレゼント！								0				
vu	活動全明星 偉大紀念！	イベントオールスターズ グレイト記念！	100,150,200		1					0				
vv	謎のプレゼント2	謎のプレゼント2								0				
vw	開眼花盆貓來襲！	開眼のネコフラワー襲来！		3	6					0				
vx	暑修課程	サマーレッスン								2				
vy	紅磚與宇宙石的洞窟	レンガと宇宙石の洞窟		1	1					0				
vz	備長炭與神秘骨頭的島	備長炭と謎の骨の島		1	1					0				
w0	羽毛與齒輪與黃金的海岬	羽根と歯車と黄金の岬		1	1					0				
w1	開眼のにゃんこバーガー襲来！	開眼のにゃんこバーガー襲来！		1	2					0				
w2	秋季白金週	秋色シルバーウィーク								2				
w3	超終極游擊經驗值喵！	超極ゲリラ経験値にゃ！		6				8		1				
w4	生日禮物！	バースデープレゼント！								1				
w5	絕望新次元	絶望新次元		4	7					0				
w6	吉娃娃伯爵降臨	チワワン伯爵降臨		4	6			4		0			0,-1,49,0,0,0,0,0	
w7	今年也請多指教！	ことよろにゃ！(ΦωΦ)								0				
w8	加油！入考大戰爭	がんばれ！受験大戦争								2				
w9	狂亂萌貓降臨	狂乱のもねこ降臨		3	3					0				
wa	進化的古代貓薄荷	進化の古代マタタビ		k	k					0				
wb	協賛BitSummit記念！	協賛BitSummit記念！								0				
wc	濕濕黏黏大進擊！	じめじめなめなめ大進撃！								0				
wd	續・禁斷之妻	続・禁断の花嫁		1	3					0				
we	因為超級夏天喵！	だって超夏じゃニャーイ！		1	3					0				
wf	收假熱潮！	あの世へのUターンラッシュ！		1	3					0				
wg	在鎮上看到的超強老人2	町でみたすごい老人２		1	3					0				
wh	絕・紅色突變	絶・紅のカタストロフ		u	u					0			0,0,0,0,0,1200,0,0	
wi	夜間運動會！	夜だよ！大運動会		1	3					0				
wj	工作方式大革命	働き方レボリューション		1	3					0				
wk	絕・黑暗天堂	絶・ダークネスヘブン		v	v					0			0,0,4,0,0,0,0,0	
wl	大逆襲的鋼鐵熊	大逆襲のメタックマ		1	4					1				
wm	文化祭美食戰爭	文化祭グルメ戦争								0				
wn	宇宙中聖誕節居然也來了！	宇宙からもクリスマスが来た！		1	3					0				
wo	絕・國士無雙	絶・国士無双		w	w					0			0,0,0,10,0,0,0,0	
wp	春宵苦短，少女做夢吧！	夜は短し夢みよ乙女		4	6			4		0				
wq	紅色戰亂 1st	赤狩り 1st(旧)	100,150,200					16		0				
wr	紅色戰亂 2nd	赤狩り 2nd(旧)	100,150,200					16		0				
ws	紅色戰亂 3rd	赤狩り 3rd(旧)	100,150,200					16		0				
wt	紅色戰亂 Last	赤狩り Last(旧)	100,150,200					16		0				
wu	活動全明星 超級豪華大禮	イベントオールスターズ スーパープレゼントDX			1					0				
wv	生日禮物	バースデープレゼント！								1				
ww	新年快樂了？	新年、あけてました。おめっ...		1	3					0				
wx	絕・天譴	絶・天罰		x	x					0			0,0,4,0,0,0,0,0	
wy	再次被召喚的福！	さらに召喚された福！		1	3					0				
wz	絕・鐵子的部屋	絶・鉄子の部屋		y	y					0			0,0,0,0,0,0,750,0	
x0	今年也請多指教！	ことよろにゃ！(ΦωΦ)								0				
x1	零號颱風	台風零号		k	k					0				
x2	極難祭3！	極ムズカーニバル3！		1	7					1				
x3	慶祝4000萬下載紀念 HAPPY大禮！	4000万ダウンロード記念 ハッピープレゼント！								0				
x4	人偶架上的戰士們特別版	雛壇の戦士達SP		1	3					0				
x5	絕・絕望異次元	絶・絶望異次元		z	z					0			0,0,0,0,0,300,0,0	
x6	新・春天來了!高校教師	新・春だよ！高校教師		1	3					0				
x7	絕・緊急暴風警報	絶・緊急爆風警報		2j	2j					0			0,0,8,0,0,0,0,0	
x8	絕・斷罪天使海蝶降臨	絶・断罪天使クオリネル降臨		10	10					0			0,0,0,5,0,0,0,0	
x9	再一次的相思病戀歌	コイの五月病アゲイン		1	3					0				
xa	絕・滾死樂團	絶・ローリングデッド		2k	2k					0			0,0,0,0,0,0,600,0	
xb	絕・地獄門	絶・地獄門		11	11					0			0,0,51,0,0,0,0,0	
xc	にゃんこグミ大戦争	にゃんこグミ大戦争								1				
xd	絕・女帝飛來	絶・女帝飛来		12	12					0			0,0,0,0,0,0,3900,0	
xe	協賛BitSummit記念！	協賛BitSummit記念！								0				
xf	絕・絕望新次元	絶・絶望新次元		2l	2l					0			0,0,3,0,0,0,0,0	
xg	神秘宅速配	謎の宅配便								2				
xh	絕・亡者肥普降臨	絶・亡者デブウ降臨		13	13					0			0,0,0,0,0,1200,0,0	
xi	兩人一起！貓咪大戰爭	ふたりで！にゃんこ大戦争	100,150,200,300							2			3,-1,6,0,0,0,0,0	
xj	絕・吉娃娃伯爵降臨	絶・チワワン伯爵降臨		14	14					0			0,0,8,0,0,0,0,0	
xk	狂亂家族大亂鬥	大乱闘狂乱ファミリーズ		j	j					0				
xl	喵喵紀念日	にゃんにゃん記念日								1				
xm	草原的決鬥	草原の決闘(旧)						16		0			0,-1,0,1,0,0,0,0	
xn	晚霞的決鬥	夕焼けの決闘(旧)						16		0			0,-1,0,1,0,0,0,0	
xo	星空的決鬥	星空の決闘(旧)						16		0			0,-1,0,1,0,0,0,0	
xp	沙灘的決鬥	砂浜の決闘(旧)						16		0			0,-1,0,1,0,0,0,0|0,-1,0,1,0,0,0,0	
xq	絕・春宵苦短，少女做夢吧！	絶・夜は短し夢みよ乙女		15	15					0			0,0,53,0,0,0,0,0	
xr	藍色衝擊	ブルーインパクト		7	8			4		0				
xs	生日禮物！	バースデープレゼント！								1				
xt	奈落門	奈落門		11	2633					0				
xu	謎の宅配便	謎の宅配便								2				
xv	聖者波普降臨	聖者ポプウ降臨		13	2639					0				
xw	古王妃飛來	古王妃飛来		12	2635					0				
xx	今年也請多指教！	ことよろにゃ！(ΦωΦ)								0				
xy	進化的彩虹貓薄荷	進化の虹マタタビ		2f6w	2f6w					0				
xz	2019年度最多演出敵人前五名！	2019年最多出演敵ベスト５！								0				
y0	農曆新年關卡	旧正月ステージ								1				
y1	神秘宅速配	謎の宅配便								2				
y2	暗沼幽靈	ほの暗い沼の底から		4	5			4		0				
y3	火口決鬥	火口の決闘(旧)		263h	263h			16		0			0,-1,0,1,0,0,0,0	
y4	5000萬下載紀念 HAPPY大禮！	5000万ダウンロード記念 ハッピープレゼント！								0				
y5	綺羅星汪汪降臨	綺羅星ペロ降臨		14	263b					0			0,-1,0,10,0,0,0,0	
y6	生日禮物！	バースデープレゼント!								1				
y7	死靈妖精海蝶降臨	死霊妖精クオリネム降臨		10	2630					0				
y8	第一次的差事	はじめてのお遣い		15	263i					0				
y9	地圖王的安眠島	地図王の眠る島(旧)		6	6			16		0				
ya	大亂鬪 春季特別活動	大乱闘 春イベスペシャル		1	q			1		2				
yb	大亂鬪 夏季特別活動	大乱闘 夏イベスペシャル		1	r			1		2				
yc	大亂鬪 秋季特別活動	大乱闘 秋イベスペシャル		1	s			1		2				
yd	大亂鬪 冬季特別活動	大乱闘 冬イベスペシャル		1	t			1		2				
ye	雙人鬪技場 菜鳥	タッグ闘技場 ルーキー(旧)						16		0			0,-1,0,2,0,0,0,0	
yf	雙人鬪技場 入門	タッグ闘技場 ビギナー(旧)						16		0			0,-1,0,2,0,0,0,0	
yg	雙人鬪技場 老手	タッグ闘技場 ベテラン(旧)						16		0			0,-1,0,2,0,0,0,0	
yh	雙人闘技場 職業	タッグ闘技場 プロ(旧)						16		0			0,-1,0,2,0,0,0,0	
yi	雙人闘技場 專家	タッグ闘技場 エキスパート(旧)		2649	2649			16		0			0,-1,0,2,0,0,0,0	
yj	絕・暗沼幽靈	絶・ほの暗い沼の底から		2n	2n					0			0,0,53,0,0,0,0,0	
yk	生日禮物！	バースデープレゼント!								1				
yl	2020年度最多演出敵人前五名！	2020年最多出演敵ベスト５！								0				
ym	破滅的序曲	破滅への序曲		2f6w	2f6w			4		0				
yn	絕・零號颱風	絶・台風零号		2m	2m					0			0,0,0,0,0,0,900,0	
yo	海底的決鬥	海底の決闘(旧)		263v	263v			16		0			0,-1,0,1,0,0,0,0	
yp	ネコウエハース降臨	ネコウエハース降臨								1				
yq	終末連戰場	終末ノ連戦場			1					3				
yr	天使與般若	天使と般若		1	1s					0				
ys	女帝與亡者	女帝と亡者		1	1t					0				
yt	伯爵與乙女	伯爵と乙女		4	1u					0			0,-1,49,0,0,0,0,0	
yu	6000萬下載紀念 HAPPY大禮！	6000万ダウンロード記念 ハッピープレゼント！								0				
yv	魔法書暗示的場所	魔導書の示す場所		3	3			1		3				
yw	異界的僕人	異界のしもべ		3	3			1		3				
yx	解放的貓咪	ネコの解放		264n	264n			1		0				
yy	解放的坦克貓	タンクネコの解放		264o	264o			1		0				
yz	大魔王	メガサターン		3	3					0				
z0	熱血！滾大球比賽	熱血！大玉転がし	100,150,200,300							2			3,-1,6,0,0,0,0,0	
z1	熱血！障礙物競走	熱血！障害物競走	100,150,200							2				
z2	熱血！兩人三腳賽 低學年	熱血！二人三脚バトル  低学年								2			0,-1,0,2,0,0,0,0	
z3	熱血！兩人三腳賽 中學年	熱血！二人三脚バトル  中学年			264u					2			0,-1,0,2,0,0,0,0	
z4	熱血！兩人三腳賽 高學年	熱血！二人三脚バトル  高学年			264v					2			0,-1,0,2,0,0,0,0	
z5	惡魔園	デーモンパーク		3	3			1		3				
z6	解放的戰鬥貓	バトルネコの解放		264x	264x			1		0				
z7	韓国版専用お年玉襲来！	韓国版専用お年玉襲来！	100,150,200							2				
z8	解放的貓咪們	ネコたちの解放		1v	1v			1		0				
z9	女王的研究報告1	女王の研究報告１		2650	2650			1		3				
za	女王的研究報告2	女王の研究報告２		2651	2651			1		3				
zb	女王的研究報告3	女王の研究報告３		2652	2652			1		3				
zc	誘惑的交響曲	誘惑のシンフォニー		2650	2650					0				
zd	羅生門	羅生門		2650	1y					0				
ze	進化的惡貓薄荷	進化の悪マタタビ		2650	2650			2		0				
zf	女王的研究報告4	女王の研究報告４		2653	2653			1		3				
zg	女王的研究報告5	女王の研究報告５		2657	2657			1		3				
zh	女王的挖掘調查1	女王の発掘調査１		2650	2650			1		3				
zi	女王的挖掘調查2	女王の発掘調査２		2659	2659			1		3			0,-1,0,15,0,0,0,0	
zj	女王的挖掘調查3	女王の発掘調査３		265a	265a			1		3			0,-1,0,15,0,0,0,0	
zk	女王的挖掘調查4	女王の発掘調査４		265b	265b			1		3			0,-1,0,15,0,0,0,0	
zl	女王的挖掘調查5	女王の発掘調査５		265c	265c			1		3			0,-1,0,15,0,0,0,0	
zm	Q1.猜猜我是誰	Q1.箱の中身クイズ							30分鐘	2				
zn	Q5.輸贏靠時運	Q5.時の運クイズ								0				
zo	生日禮物！	バースデープレゼント！								1				
zp	2021年度最多演出敵人前五名！	2021年最多出演敵ベスト５！								0				
zq	紅包來襲！	お年玉襲来！	100,150,200							2				
zr	黑夜襲擊之戰	闇討ちの戦い							6小時	2				
zs	農曆新年HAPPY大禮！	春節ハッピープレゼント！								1				
zt	烈火之亂	烈火の乱							6小時	2				
zu	後輩送的本命巧克力	後輩からの本命チョコ								2			0,-1,0,2,0,0,0,0	
zv	前輩送的本命巧克力	先輩からの本命チョコ			265m					2			0,-1,0,2,0,0,0,0	
zw	青梅竹馬送的本命巧克力	幼なじみからの本命チョコ			265n					2			0,-1,0,2,0,0,0,0	
zx	中秋節HAPPY大禮！	中秋節ハッピープレゼント！								1				
zy	ダミー	ダミー						16		0				
zz	ダミー	ダミー						16		0				
100	絕・奈落門	絶・奈落門		263l	263l					0			0,0,0,5,0,0,0,0	
101	我們的情人節戰爭	僕らのバレンタイン戦争	100,150,200,300							2			3,-1,6,0,0,0,0,0	
102	Season2～心動時分文化祭～	Season2～トキメキ文化祭～	100,150,200,300							2			3,-1,6,0,0,0,0,0	
103	Season3～校外教學～	Season3～修学旅行～								2				
104	Weekend～告白～	Weekend～告白～								2			-1,-1,0,0,0,0,0,5	
105	Weekend～告白～	Weekend～告白～								2			-1,-1,0,0,0,0,0,5	
106	Weekend～告白～	Weekend～告白～								2			-1,-1,0,0,0,0,0,5	
107	Season4～畢業之日～	Season4～卒業の日～	100,200							2			0,-1,0,0,0,0,0,5|1,-1,0,0,0,0,0,5	
108	7000萬下載紀念 HAPPY大禮！	7000万ダウンロード記念 ハッピープレゼント！								1				
109	亡者與河豚	亡者と河豚		7	1z					0				
10a	女帝與少女	女帝と乙女		4	20					0				
10b	伯爵與天使	伯爵と天使		4	21					0			0,-1,49,0,0,0,0,0	
10c	#03「13號星期？」	#03「13日は何曜日」	100,150,200							2				
10d	#04「貓鳴村」	#04「ネコ鳴村」	100,150,180							2				
10e	決鬥大挑戰	決闘チャレンジ						16		0				
10f	雙人鬪技大挑戰	タッグ闘技チャレンジ						16		0				
10g	密林的異變	密林の異変		2o	2o			1		0				
10h	沙漠的怪事	砂漠の怪異		2p	2p			1		0				
10i	火山的威脅	火山の脅威		2q	2q			1		0				
10j	蟲蟲王者相撲 預賽	トントンムシ相撲 予選		1	3					2			-1,-1,0,0,0,0,0,6	
10k	蟲蟲王者相撲 半準決賽	トントンムシ相撲 準々決勝		266b	266b					2			-1,-1,0,0,0,0,0,6	
10l	蟲蟲王者相撲 準決賽	トントンムシ相撲 準決勝		266c	266c					2			-1,-1,0,0,0,0,0,6	
10m	蟲蟲王者相撲 決賽	トントンムシ相撲 決勝		266d	266d					2			-1,-1,0,0,0,0,0,6	
10n	超終極惡游擊經驗值喵！	超極悪ゲリラ経験値にゃ！		2650	2650			8		1				
10o	#02 甜點爭奪戰	#02 お菓子争奪戦	100,150,200,200							2			3,-1,6,0,0,0,0,0	
10p	#04 超恐怖惡作劇	#04 恐怖の悪戯計画	100,150,200	1	3					2				
10q	第2部 敵軍大遊行	第2部 敵軍団行進								0				
10r	第5部 名曲大回顧	第5部 名曲パレード	100,150,200							0				
10s	生日禮物！	バースデープレゼント!								1				
10t	第一晚 辛勞的聖誕貓咪	第一夜 働くニャンタクロース	100,150,200							2				
10u	進化的彩虹獸石	進化の虹獣石		2r	2r			2		3				
10v	2022年度最多演出敵人前五名！	2022年最多出演敵ベスト５！								0				
10w	8000萬下載紀念 HAPPY大禮！	8000万ダウンロード記念 ハッピープレゼント！								1				
10x	After Story～畢業之日～	After Story～卒業の日～		265z	265z					2			-1,-1,0,0,0,0,0,5	
10y	Weekend～再次告白～	Weekend～告白リベンジ～		265w	265w					2			-1,-1,0,0,0,0,0,5	
10z	Weekend～再次告白～	Weekend～告白リベンジ～		265x	265x					2			-1,-1,0,0,0,0,0,5	
110	Weekend～再次告白～	Weekend～告白リベンジ～		265y	265y					2			-1,-1,0,0,0,0,0,5	
111	密林的異變Ⅱ	密林の異変Ⅱ		2s	2s			1		0				
112	沙漠的怪事Ⅱ	砂漠の怪異Ⅱ		2t	2t			1		0				
113	火山的威脅Ⅱ	火山の脅威Ⅱ		2u	2u			1		0				
114	殭屍古堡	アンデッドハザード							6小時	2				
115	開眼彩蛋貓來襲！	開眼のネコエッグ襲来！		1	3					2				
116	絕・綺羅星汪汪降臨	絶・綺羅星ペロ降臨		263x	263x					0			0,0,15,10,0,0,0,0	
117	小小貓大試煉	ちびネコ大試練		2v	2v					3			0,-1,6,0,0,0,0,0	
118	大魔王貓彈大降臨	大魔王ニャンダム大降臨		4	6					0				
119	生日禮物！	バースデープレゼント								1				
11a	絕・大魔王	絶・メガサターン		2w	2w					0			0,0,52,0,0,0,0,0	
11b	#02「恐怖婚宴」	#02「恐怖の披露宴」	100,150							2				
11c	暑假的最後趕作業	夏の終わり、宿題		1	3			16		0				
11d	密林的異變Ⅲ	密林の異変Ⅲ		2x	2x			1		0				
11e	沙漠的怪事Ⅲ	砂漠の怪異Ⅲ		2y	2y			1		0				
11f	火山的威脅Ⅲ	火山の脅威Ⅲ		2z	2z			1		0				
11g	三途沼澤之王大降臨	三途の沼のヌシ大降臨		2n	2n					0				
11h	機械反抗軍	機械の反乱軍							6小時	2				
11i	極惡貓咪降臨	極悪のネコ降臨		1y	1y					0				
11j	極惡坦克貓降臨	極悪のタンク降臨		1y	1y					0				
11k	極惡戰鬥貓降臨	極悪のバトル降臨		1y	1y					0				
11l	極惡噁心貓降臨	極悪のキモネコ降臨		1y	1y					0				
11m	極惡牛貓降臨	極悪のウシ降臨		1y	1y					0				
11n	極惡鳥貓降臨	極悪のトリ降臨		1y	1y					0				
11o	極惡魚貓降臨	極悪のフィッシュ降臨		1y	1y					0				
11p	極惡蜥蜴貓降臨	極悪のトカゲ降臨		1y	1y					0				
11q	極惡巨神貓降臨	極悪の巨神降臨		1y	1y					0				
11r	熱血！大隊接力	熱血！リレー大会								3				
11s		第2章 ツボ洞窟の死闘								0				
11t		第5章 わんわん城の戦い								0			0,0,0,10,0,0,0,0|0,1,0,10,0,0,0,0|0,2,0,0,1,0,0,0|0,3,0,0,1,0,0,0|0,4,0,0,0,300,0,0|0,5,0,0,0,300,0,0|0,6,0,0,0,0,1200,0|0,7,0,0,0,0,1200,0|0,8,21,0,0,0,0,0	
11u		最終章 決戦！わんわん大王			32					0				
11v	生日禮物！	バースデープレゼント！								1				
11w	第三晚 聖誕禮物二次投遞	第三夜  聖夜のプレゼント再配達		1	3					2				
11x	2023年度最多演出敵人前五名！	2023年最多出演敵ベスト５！						16		0				
11y	大雪汪汪	雪やわんわん			p					2				
11z	決戰春節特賣會	春節セールの戦い		1	3					2				
120	9000萬下載紀念 HAPPY大禮！	9000万ダウンロード記念 ハッピープレゼント！								1				
121	厄災のわんわん王国	厄災のわんわん王国			33					0				
122	生日禮物！	バースデープレゼント！								1				
123	8888万ダウンロード記念	8888万ダウンロード記念								1				
124	週末蜜月旅行 第1週	週末ハネムーン 1週目		1	3					2				
125	週末蜜月旅行 第2週	週末ハネムーン 2週目		1	3					2				
126	週末蜜月旅行 最末週	週末ハネムーン 最終週		1	3					2				
127	絕・第一次的差事	絶・はじめてのお遣い		2640	2640					0			0,0,17,0,0,0,0,0	
128	極惡家族大亂鬥	大乱闘極悪ファミリーズ		34	34					0				
129	阿龜與小孩	阿亀と赤子		38	35					0				
12a	王子與死靈	王子と死霊		39	36					0			0,-1,0,10,0,0,0,0	
12b	蜜江與聖者	蜜江と聖者		3a	37					0				
12c	夏夜回家路	夏の夜、帰り道								0				
12d	絕・聖者波普降臨	絶・聖者ポプウ降臨		263n	263n					0			0,0,12,0,0,0,0,0	
12e	叢林求生記	ジャングルサバイバル	100,150,200							2				
12f	絕・古王妃飛來	絶・古王妃飛来		263o	263o					0			0,0,0,0,1,0,0,0	
12g	開眼叫賣貓來襲！	開眼のネコ屋台襲来！		8	2f6w					0				
12h	統一天下之路～前篇～	天下統一への道 ～前編～								2	【軍事費用制度】：戰鬥開始就可以獲得等同於軍事資金的金錢，但相反地，隨著時間經過或打倒敵人時都無法增加金錢。初始軍事資金是 4,500 元，破關（包含緊急關卡）獎勵可以增加軍事資金（上限為 999,999 元）	無效聯組：初期工作狂貓等級、初期所持金額、工作狂貓的工作效率、工作狂貓錢包、會計能力		
12i	合戰！武將貓彈	合戦！武将ニャンダム	100,200		3e					2	【軍事費用制度】：戰鬥開始就可以獲得等同於軍事資金的金錢，但相反地，隨著時間經過或打倒敵人時都無法增加金錢。初始軍事資金是 4,500 元，破關（包含緊急關卡）獎勵可以增加軍事資金（上限為 999,999 元）	無效聯組：初期工作狂貓等級、初期所持金額、工作狂貓的工作效率、工作狂貓錢包、會計能力		
12j	合戰！武將般若我王	合戦！武将般若我王	100,200		3e					2	【軍事費用制度】：戰鬥開始就可以獲得等同於軍事資金的金錢，但相反地，隨著時間經過或打倒敵人時都無法增加金錢。初始軍事資金是 4,500 元，破關（包含緊急關卡）獎勵可以增加軍事資金（上限為 999,999 元）	無效聯組：初期工作狂貓等級、初期所持金額、工作狂貓的工作效率、工作狂貓錢包、會計能力		
12k	統一天下之路～後篇～	天下統一への道 ～後編～			3e					2	【軍事費用制度】：戰鬥開始就可以獲得等同於軍事資金的金錢，但相反地，隨著時間經過或打倒敵人時都無法增加金錢。初始軍事資金是 4,500 元，破關（包含緊急關卡）獎勵可以增加軍事資金（上限為 999,999 元）	無效聯組：初期工作狂貓等級、初期所持金額、工作狂貓的工作效率、工作狂貓錢包、會計能力		
12l	決戰！反叛的戰國魔王	決戦！反逆の戦国魔王	100,200		3c					2	【軍事費用制度】：戰鬥開始就可以獲得等同於軍事資金的金錢，但相反地，隨著時間經過或打倒敵人時都無法增加金錢。初始軍事資金是 4,500 元，破關（包含緊急關卡）獎勵可以增加軍事資金（上限為 999,999 元）	無效聯組：初期工作狂貓等級、初期所持金額、工作狂貓的工作效率、工作狂貓錢包、會計能力		
12m		バースデープレゼント！								1				
12n	超拳獸超派噴噴大降臨	超拳獣ブンナグリオス大降臨		265a	265b					0				
12o	2024回憶相簿	2024年思い出アルバム								0				
12p	絕・死靈妖精海蝶降臨	絶・死霊妖精クオリネム降臨		263z	263z					0			0,0,0,0,0,0,1500,0	
12q	瓦爾基麗貓大試煉	ネコヴァルキリー大試練		7	7			1		0				
12r	姆特貓大試煉	ネコムート大試練		3d	3d			1		0				
12s	1億下載紀念HAPPY大禮！	1億ダウンロード記念 ハッピープレゼント！								1				
12t		チョコサプ降臨								1				
12u		黒船来航			3e					0	【軍事費用制度】：戰鬥開始就可以獲得等同於軍事資金的金錢，但相反地，隨著時間經過或打倒敵人時都無法增加金錢。初始軍事資金是 4,500 元，破關（包含緊急關卡）獎勵可以增加軍事資金（上限為 999,999 元）	無效聯組：初期工作狂貓等級、初期所持金額、工作狂貓的工作效率、工作狂貓錢包、會計能力		
12v		赤船来航	100,200		3e					0	【軍事費用制度】：戰鬥開始就可以獲得等同於軍事資金的金錢，但相反地，隨著時間經過或打倒敵人時都無法增加金錢。初始軍事資金是 4,500 元，破關（包含緊急關卡）獎勵可以增加軍事資金（上限為 999,999 元）	無效聯組：初期工作狂貓等級、初期所持金額、工作狂貓的工作效率、工作狂貓錢包、會計能力		
12w		蒼船来航	100,200		3e					0	【軍事費用制度】：戰鬥開始就可以獲得等同於軍事資金的金錢，但相反地，隨著時間經過或打倒敵人時都無法增加金錢。初始軍事資金是 4,500 元，破關（包含緊急關卡）獎勵可以增加軍事資金（上限為 999,999 元）	無效聯組：初期工作狂貓等級、初期所持金額、工作狂貓的工作效率、工作狂貓錢包、會計能力		
12x		開国してください	100,200		3c					0	【軍事費用制度】：戰鬥開始就可以獲得等同於軍事資金的金錢，但相反地，隨著時間經過或打倒敵人時都無法增加金錢。初始軍事資金是 4,500 元，破關（包含緊急關卡）獎勵可以增加軍事資金（上限為 999,999 元）	無效聯組：初期工作狂貓等級、初期所持金額、工作狂貓的工作效率、工作狂貓錢包、會計能力		
12y	【限定】來店禮送給你！	【限定】ご来店プレゼント！								3				
12z		謎の宅配便								2				
130	絕・誘惑的交響曲	絶・誘惑のシンフォニー		2654	2654					0			0,0,18,0,0,0,0,0	
131	天氣無法預測	破天候予報								3				
132	巨大生化魚鈴木大降臨	ジャンボーグ鈴木大降臨		3	6					0				
133	渡假樂園盡情揮霍	豪遊リゾートランド	100,150,200		3g					2				
134	三溫暖烤箱蒸舒服	サウナスパで極楽	100,150,200		3g					2				
135	1億1000萬下載紀念 HAPPY大禮！	1億1000万ダウンロード記念 ハッピープレゼント！								1				
136	大煙火大會開幕！	大花火大会開催！			p					2				
137		ここはにゃんこ大商店！								0				
138	第1話 正義英雄參戰！	第1話 正義のヒーロー参上！								2				
139	第4話 秘密的特訓	第4話 秘密特訓(旧)			3j			16		0				
13a	第5話 與宿敵重逢	第5話 宿敵再び(旧)	100,120		3j			16		0				
13b	第6話 來襲的黑幕	第6話 襲い来る黒幕			3j					2				
13c	最終話 邪惡的終點	最終話 悪の終着点(旧)			3k			16		0				
13d	生日禮物！	バースデープレゼント！								1				
13e	2025回憶相簿	2025年思い出アルバム								0				
13f	2025年度最多演出敵人前五名！	2025年最多出演敵ベスト５！								0				
13g	微苦情人節	ほろ苦バレンタイン		1	3					2				
13h	三頭鴕鳥大降臨	トリニティ大降臨		4	6					0				
13i	進化的貓薄荷	進化のマタタビ		1	3					0				
13j	After School～情書～	After School～恋文～								3				
13k	After School～情書～	After School～恋文～								3				
13l	After School～情書～	After School～恋文～								3				
13m	復活節秘密好吃驚！	イースターふしぎ発掘！		1	p					0				
13n	1億1111萬下載紀念HAPPY大禮！	1億1111万ダウンロード記念 ハッピープレゼント！								1				
13o		真の平和をかけた戦い			2akj					0	【經費制度】：戰鬥開始就可以獲得等同於經費的金錢，但相反地，隨著時間經過或打倒敵人時都無法增加金錢。初始經費是 4,500 元，任務獎勵可以增加經費（上限為 999,999 元）	無效聯組：初期工作狂貓等級、初期所持金額、工作狂貓的工作效率、工作狂貓錢包、會計能力		
13p		パズルで豊作！にゃんこ村								0				
13q		第4話 秘密特訓			3j					3				
13r		第5話 宿敵再び	100,120		3j					0				
13s		最終話 悪の終着点			3k					0				
1jk	ふるさと自衛隊	ふるさと自衛隊								0				
1jl	超魅惑公主	魅惑のプリンセス	100,150,200,300							2			3,-1,6,0,0,0,0,0	
1jm	飛踢公主關卡	ケリ姫ステージ	100,150,200,300							2			3,-1,6,0,0,0,0,0	
1jn	來自初期的使者	黎明期からの使者	100,150,200							0				
1jo	拡散性ミリオンアーサー	拡散性ミリオンアーサー								0				
1jp	ドラゴンポーカー	ドラゴンポーカー	100,150							0				
1jq	大魔王降臨！？	ラスボス降臨!?								2				
1jr	地獄級梅露可物語	地獄のメルクストーリア	100,150,200,200							2			3,-1,6,0,0,0,0,0	
1js	對決！梅露可物語	対決！メルクストーリア	100,150,200,300							2			3,-1,6,0,0,0,0,0	
1jt	ドラゴンリーグ	ドラゴンリーグ	100,150							0				
1ju	超激突！氣志團！！	超激突！氣志團！！	100,150							0				
1jv	活下去! 曼波魚!!	生きろ！マンボウ！(旧)						16		0				
1jw	開眼Droid來襲！	開眼のドロイド襲来！								0				
1jx	消滅都市～第1章～	消滅都市 ～第１章～(旧)	100,200,300					16		0				
1jy	消滅都市～第2章～	消滅都市 ～第２章～(旧)	100,200,300					16		0				
1jz	消滅都市～第3章～	消滅都市 ～第３章～(旧)	100,200,300					16		0				
1k0	極道大戦争	極道大戦争								0				
1k1	梅露可物語大反擊	逆襲のメルクストーリア(旧)	100,150,200					16		0				
1k2	開眼的癒術士來襲！	開眼の癒術士襲来！								0				
1k3	モンハン大狩猟クエスト	モンハン大狩猟クエスト								0				
1k4	【緊急】モンハン大狩猟クエスト	【緊急】モンハン大狩猟クエスト								0				
1k5	METAL SLUG DEFENSE 越南大戰	メタルスラッグディフェンス	100,150,200,300							2			3,-1,6,0,0,0,0,0	
1k6	METAL SLUG DEFENSE 超級越南大戰	超メタルスラッグディフェンス	100,150,200,200							2			3,-1,6,0,0,0,0,0	
1k7	神略！ゆるドラシル	神略！ゆるドラシル	100,150,200							0				
1k8	城與龍	城とドラゴン	100,150,200							2				
1k9	開眼的城與龍	開眼の城とドラゴン								0				
1ka	固若金湯的城與龍	難攻不落の城とドラゴン	100,150,200,250							2			3,-1,6,0,0,0,0,0	
1kb		まもるよネコさん								0				
1kc	開眼的拓也與小雪	開眼のタクヤとユキ(旧)						16		0				
1kd	來自菇菇的戰帖	なめこからの挑戦状								0				
1ke	ふてたネコあらわる	ふてたネコあらわる								0				
1kf	魔法少女小圓	魔法少女まどか☆マギカ	100,200,300					16		0				
1kg	魔女的結界	魔女の結界	100,200,300					16		0				
1kh	魔女的結界	魔女の結界	100,200,300					16		0			-1,-1,0,0,0,0,0,3	
1ki	魔女的結界	魔女の結界	100,200,300					16		0				
1kj	魔女之夜	ワルプルギスの夜						16		0				
1kk	突撃！キャットバスターズ	突撃！キャットバスターズ								0				
1kl	開眼的歌謠貓來襲！	開眼の歌謡にゃんこ襲来！								2				
1km	PIKO太郎	ピコ太郎								0				
1kn	追逐夢想男偶像	TWその２								0				
1ko	ナゾのウサギ登場!?	ナゾのウサギ登場!?								0				
1kp	ALICE的入口	ALICEの入り口	100,200,300							0				
1kq	月夜古城	月夜のオールドシティ	100,200,300							0				
1kr	開眼飛踢公主來襲！	開眼のケリ姫襲来！								2				
1ks	開眼飛踢睡美人來襲！	開眼の眠れるケリの美女襲来！								2				
1kt	失去世界	失われし世界(旧)	100,200,300					16		0				
1ku	開眼的梅露可來襲！	開眼のメルク襲来！								0				
1kv	開眼的推推來襲！	開眼のティティ襲来！								0				
1kw	神秘的梅露可物語	神秘のメルクストーリア(旧)						16		0				
1kx	軟爛中	ぐでぐでしてます	100,200,300							0				
1ky	反正遲早都會被吃	どうせ食べられるだけだし	100,200,300							0				
1kz	貓奴大王	ＴＷその３								0				
1l0	聖杯戰爭的緣起	聖杯戦争の始まり	100,200,300,300							2			3,-1,6,0,0,0,0,0	
1l1	激鬥！Saber來襲！	激闘！セイバー襲来！	100,200,300					16		0				
1l2	激鬥！Lancer來襲！	激闘！ランサー襲来！	100,200,300					16		0				
1l3	激鬥！Archer來襲！	激闘！アーチャー襲来！	100,200,300					16		0				
1l4	激鬥！Rider來襲！	激闘！ライダー襲来！	100,200,300					16		0				
1l5	大激鬥！Gilgamesh來襲！	大激闘！ギルガメッシュ襲来！	100,200,300					16		0				
1l6	實況野球高校 2年級的夏天	パワフル高校2年の夏								0				
1l7	來自沒問題博士的戰帖	ダイジョーブ博士の挑戦状								0				
1l8	約會戰 貓塚花凜	デートステージ 猫塚かりん								0				
1l9	約會戰 紺野美崎	デートステージ 紺野美崎								0				
1la	約會戰 虹谷彩理	デートステージ 虹谷彩理								0				
1lb	約會戰 片桐戀	デートステージ 片桐恋								0				
1lc	來自懶得鳥你的戰帖	つくね荘からの挑戦状								0				
1ld	出擊！EVANGELION	発進！エヴァンゲリオン	100,200,300,400							2			3,-1,6,0,0,0,0,0	
1le	決戰！屋島作戰	決戦！ヤシマ作戦	100,200,300,400							2			3,-1,6,0,0,0,0,0	
1lf	第9使徒，來襲	第９の使徒、襲来(旧)	100,200,300,400					16		0			3,-1,6,0,0,0,0,0	
1lg	第10使徒，來襲	第１０の使徒、襲来(旧)	100,200,300					16		0				
1lh	波兔森林的朋友們	ポコ森の仲間たち	100,150,200							0				
1li	好友3人行	仲良し３人組	100,150,200							0				
1lj	太秦萌の通学	太秦萌の通学	100,150,200							0				
1lk	松賀咲の通学	松賀咲の通学	100,150,200							0				
1ll	小野ミサの通学	小野ミサの通学	100,150,200							0				
1lm	地下鉄に乗るっ	地下鉄に乗るっ	100,150,200							0				
1ln	魂體之都	タマシイの都(旧)	100,200,300					16		0				
1lo	哥現在很忙	ぐでぐでしてて忙しい	100,200,300							0				
1lp	開眼蛋黃貓來襲！	開眼のぐでたまにゃんこ襲来！								0				
1lq	城與龍 VS 城與龍	城ドラ VS 城ドラ	100,115,130							2			-1,-1,0,0,0,0,0,1	
1lr	賤萌地激烈擺動白熊	キモ激しく動くクマ								0				
1ls	飛踢王國的教導	ケットバス王国の教え	100,150,170,200							2			3,-1,6,0,0,0,0,0	
1lt	虛假的見瀧原	偽りの見滝原			26qb			16		0			-1,-1,0,0,0,0,0,2	
1lu	女王失控	女王暴走	100,200,300							0				
1lv	ヒカキン降臨	ヒカキン降臨								0				
1lw	開眼のヒカキン襲来！	開眼のヒカキン襲来！								0				
1lx	梅露可物語大反擊	逆襲のメルクストーリア	100,150,200,300							2			3,-1,6,0,0,0,0,0	
1ly	神秘的梅露可物語	神秘のメルクストーリア	100,150,200,300							2			0,0,7,0,0,0,0,0|0,1,0,0,1,0,0,0|0,2,0,0,0,0,3000,0|1,0,7,0,0,0,0,0|1,1,0,0,1,0,0,0|1,2,0,0,0,0,3000,0|2,0,7,0,0,0,0,0|2,1,0,0,1,0,0,0|2,2,0,0,0,0,3000,0|3,0,7,10,0,0,0,0|3,1,0,10,1,0,0,0|3,2,0,10,0,0,3000,0	
1lz	超激鬥！Saber Alter來襲！	超激闘！セイバーオルタ襲来！	100,150							2				
1m0	活下去！曼波魚！	生きろ！マンボウ！	100,200,300,400							2			3,-1,6,0,0,0,0,0	
1m1	3億條的夥伴都死掉了	３億匹の仲間はみな死んだ	100,200,300,300							2			3,-1,6,0,0,0,0,0	
1m2	開眼三原慧悟來襲！	開眼の三原慧悟襲来								0				
1m3	和麻吉貓一起寶島趴趴走！	Majimeowと一緒に台湾を巡ろう！								0				
1m4	聖魔大戰勃發！	聖魔大戦勃発！	100,200,300,300							2			3,-1,6,0,0,0,0,0	
1m5	聖魔大戰巧克力	ビックリマンチョコ								2				
1m6	對決！魔幻原型	対決！魔幻モデル	100,150,200							2				
1m7	覺醒！大和爆神	覚醒！ヤマト爆神	100,150,200							2				
1m8	ゆる～い！ねこ娘襲来！	ゆる～い！ねこ娘襲来！	100,200,300							0				
1m9	ゆる～いゲゲゲの鬼太郎	ゆる～いゲゲゲの鬼太郎	100,200,300							0				
1ma	消滅都市～失落的世界～	消滅都市 ～ロストへ～(旧)	100,200,300					16		0				
1mb	天上世界	天上の世界(旧)	100,200,300					16		0			-1,0,0,0,1,0,0,0|-1,1,0,15,0,0,0,0|-1,2,13,0,0,0,0,0	
1mc	激鬥！甜點大戰爭	激闘！スイーツ大戦争	100,150,200,100							2			3,-1,6,0,0,0,0,0	
1md	開眼巧克力來襲！	開眼のチョコレート襲来！								0				
1me	第13號機，來襲	第１３号機、襲来(旧)	100,200,300					16		0				
1mf	高雄捷運 紅線	高雄MRT レッドライン	100,150,200							0				
1mg	高雄捷運 橘線	高雄MRT オレンジライン	100,150,200							0				
1mh	戽斗星球	シャクレルプラネット	100,150,200							0				
1mi	ドットヒーローズ	ドットヒーローズ	100,150,200							0				
1mj	快打旋風EASY	ストリートファイター EASY(旧)						16		0				
1mk	快打旋風NORMAL	ストリートファイター NORMAL(旧)						16		0				
1ml	快打旋風HARD	ストリートファイター HARD(旧)						16		0				
1mm	New Challenger	New Challenger(旧)						16		0				
1mn	New Challenger	New Challenger(旧)						16		0				
1mo	New Challenger	New Challenger(旧)						16		0				
1mp	New Challenger	New Challenger(旧)						16		0				
1mq	New Challenger	New Challenger(旧)						16		0				
1mr	New Challenger	New Challenger(旧)						16		0				
1ms	New Challenger	New Challenger(旧)						16		0				
1mt	New Challenger	New Challenger(旧)						16		0				
1mu	New Challenger	New Challenger(旧)						16		0				
1mv	New Challenger	New Challenger(旧)						16		0				
1mw	New Challenger	New Challenger(旧)						16		0				
1mx	New Challenger	New Challenger(旧)						16		0				
1my	New Challenger	New Challenger(旧)						16		0				
1mz	New Challenger	New Challenger(旧)						16		0				
1n0	New Challenger	New Challenger(旧)		l	l			16		0				
1n1	７周年★東京スカイツリー	７周年★東京スカイツリー								0				
1n2	初音未來	初音ミク	100,150,200							0				
1n3	MIKU EXPO	MIKU EXPO	100,150,200							2				
1n4	MIKU CHERRY	MIKU CHERRY	100,150,200							0				
1n5	歌后曼波魚崎A・Y・U 強襲！	ハマンボ崎あゆみ 強襲！(旧)						16		0				
1n6	MIKU EXPO	MIKU EXPO（韓国版）	100,150,200							0				
1n7	MIKU CHERRY	MIKU CHERRY（韓国版）	100,150,200							0				
1n8	貓咪大怪盜	にゃんこ大泥棒								0				
1n9	U.F.O.襲来！	U.F.O.襲来！	100,150,200							0				
1na	初音未來的誕生日！	初音ミクの誕生日！								1				
1nb	快打旋風 EASY	ストリートファイター EASY								2				
1nc	快打旋風 NORMAL	ストリートファイター NORMAL								2				
1nd	快打旋風 HARD	ストリートファイター HARD								2				
1ne		New Challenger(旧)						16		0				
1nf		New Challenger(旧)						16		0				
1ng		New Challenger(旧)						16		0				
1nh		New Challenger(旧)						16		0				
1ni		New Challenger(旧)						16		0				
1nj		New Challenger(旧)						16		0				
1nk		New Challenger(旧)						16		0				
1nl		New Challenger(旧)						16		0				
1nm		New Challenger(旧)						16		0				
1nn		New Challenger(旧)						16		0				
1no		New Challenger(旧)						16		0				
1np		New Challenger(旧)						16		0				
1nq		New Challenger(旧)						16		0				
1nr		New Challenger(旧)						16		0				
1ns		New Challenger(旧)						16		0				
1nt		New Challenger(旧)						16		0				
1nu		New Challenger(旧)						16		0				
1nv		New Challenger(旧)						16		0				
1nw		New Challenger(旧)						16		0				
1nx		New Challenger(旧)						16		0				
1ny		New Challenger(旧)						16		0				
1nz		New Challenger(旧)						16		0				
1o0		New Challenger(旧)						16		0				
1o1		New Challenger(旧)						16		0				
1o2		New Challenger(旧)		l	l			16		2				
1o3	SNOW MIKU	SNOW MIKU	100,150,200							2				
1o4	波亂！天道道場	波乱！天道道場	100,150,200,300							2			3,-1,6,0,0,0,0,0	
1o5	傳說的咒泉鄉	伝説の呪泉郷	100,150,200,300							2			3,-1,6,0,0,0,0,0	
1o6	消滅都市～失落的世界～	消滅都市 ～ロストへ～	100,200,300							2				
1o7	開眼的拓也與小雪	開眼のタクヤとユキ								0				
1o8	失去世界	失われし世界	100,200,300							2				
1o9	魂體之都	タマシイの都	100,200,300,150							2			3,-1,6,0,0,0,0,0	
1oa	天上世界	天上の世界	100,200,300							2			-1,0,0,0,1,0,0,0|-1,1,0,15,0,0,0,0|-1,2,13,0,0,0,0,0	
1ob	決戰！巨大生物哥吉拉	決戦！巨大生物ゴジラ								0				
1oc	哥吉拉對貓咪	ゴジラ対にゃんこ								0				
1od	成為魔法少女吧！	魔法少女になってよ	100,200,300,300							2			3,-1,6,0,0,0,0,0	
1oe	續・成為魔法少女吧！	続・魔法少女になってよ	100,200,300,300							2			3,-1,6,0,0,0,0,0	
1of	魔女的結界～玫瑰園的魔女～	魔女の結界 ～薔薇園の魔女～(旧)	100,150,200					16		0				
1og	魔女的結界～零食的魔女～	魔女の結界 ～お菓子の魔女～(旧)	100,150,200					16		0			-1,-1,0,0,0,0,0,3	
1oh	魔女的結界～箱的魔女～	魔女の結界 ～ハコの魔女～(旧)	100,150,200					16		0				
1oi	胡桃鉗魔女	くるみ割りの魔女								2			-1,-1,0,0,0,0,0,2	
1oj	秋華賞（ＧⅠ）	秋華賞（ＧⅠ）								0			-1,-1,0,0,0,0,0,4	
1ok	菊花賞（ＧⅠ）	菊花賞（ＧⅠ）								0			-1,-1,0,0,0,0,0,4	
1ol	天皇賞（秋）（ＧⅠ）	天皇賞（秋）（ＧⅠ）								0			-1,-1,0,0,0,0,0,4	
1om	有馬記念（ＧⅠ）	有馬記念（ＧⅠ）								0			-1,-1,0,0,0,0,0,4	
1on	高雄捷運 紅線	高雄メトロ レッドライン	100,150,200							0				
1oo	高雄輕軌	高雄ライトレール	100,150,200							0				
1op	協賛BitSummit記念！	協賛BitSummit記念！								2				
1oq	對決！玉狛第2的隊長	対決！玉狛第２のリーダー	100,150,200,300							0			3,-1,6,0,0,0,0,0	
1or	對決！玉狛第2的王牌	対決！玉狛第２のエース	100,150,200,300							0			3,-1,6,0,0,0,0,0	
1os	VS訓練用莫爾默德	VS訓練用モールモッド								0			-1,-1,0,0,0,0,0,7	
1ot		New Challenger(旧)						16		0				
1ou		New Challenger(旧)						16		0				
1ov		New Challenger(旧)						16		0				
1ow		New Challenger(旧)						16		0				
1ox	快打旋風 VERY HARD	ストリートファイター VERY HARD		26wm	26wm					2				
1oy	激鬥！Saber來襲！	激闘！セイバー襲来！	100,200,300,300							2			3,-1,6,0,0,0,0,0	
1oz	激鬥！Lancer來襲！	激闘！ランサー襲来！	100,200,300,300							2			3,-1,6,0,0,0,0,0	
1p0	激鬥！Archer來襲！	激闘！アーチャー襲来！	100,200,300,300							2			3,-1,6,0,0,0,0,0	
1p1	激鬥！Rider來襲！	激闘！ライダー襲来！	100,200,300,300							2			3,-1,6,0,0,0,0,0	
1p2	大激鬥！Gilgamesh來襲！	大激闘！ギルガメッシュ襲来！	100,150,200,200							2			3,-1,6,0,0,0,0,0	
1p3	救出！にゃんこ仮面ライダー	救出！にゃんこ仮面ライダー	100,150,200							0				
1p4	救出！ゴジラにゃんこ	救出！ゴジラにゃんこ	100,150,200							0				
1p5	救出！エヴァンゲリオンにゃんこ	救出！エヴァンゲリオンにゃんこ	100,150,200							0				
1p6	救出！ウルトラマンにゃんこ	救出！ウルトラマンにゃんこ	100,150,200							0				
1p7	シン・にゃんこ・ヒーローズ	シン・にゃんこ・ヒーローズ			1					0			-1,-1,0,0,0,0,0,8	
1p8	開眼的紅髮小雪貓來襲！	開眼の赤髪のゆきにゃん襲来！								0				
1p9	第9使徒，來襲	第９の使徒、襲来(旧)	100,200,300,300					16		0			3,-1,6,0,0,0,0,0	
1pa	第10使徒，來襲	第１０の使徒、襲来(旧)	100,200,300					16		0				
1pb	EVA第13號機，來襲	エヴァ第１３号機、襲来(旧)	100,200,300					16		0				
1pc	最終決戰　EVA第13號機	最終決戦　エヴァ第１３号機								2				
1pd	再見了，所有的貓咪。	さらば、全てのにゃんこ。			3f					2			-1,-1,0,0,0,0,0,9	
1pe	週末演唱會 第1天	週末ライブ DAY1								0				
1pf	週末演唱會 第2天	週末ライブ DAY2			26v6					0				
1pg	週末ライブ DAY1（韓国版専用）	週末ライブ DAY1（韓国版専用）								0				
1ph	週末ライブ DAY2（韓国版専用）	週末ライブ DAY2（韓国版専用）			26v8					0				
1pi	以諾時代	以諾時代	100,150,200							0				
1pj	對決！瘋頭！	対決！瘋頭！	100,150,200							0				
1pk	神劍闖江湖	るろうに剣心	100,150,200,200							0			3,-1,6,0,0,0,0,0	
1pl	劍心・緋村拔刀齋	剣心・緋村抜刀斎	100,150							0				
1pm	從事打手的男人・相樂左之助	喧嘩の男・相楽左之助	100,150						6小時	0				
1pn	顯露敵意的狼・齋藤一	牙を剥く狼・斎藤一		1	3					0				
1po	魔女的結界～玫瑰園的魔女～	魔女の結界 ～薔薇園の魔女～	100,150,200,200							0			3,-1,6,0,0,0,0,0	
1pp	魔女的結界～零食的魔女～	魔女の結界 ～お菓子の魔女～	100,150,200,200							0			0,-1,0,0,0,0,0,3|1,-1,0,0,0,0,0,3|2,-1,0,0,0,0,0,3|3,-1,6,0,0,0,0,3	
1pq	魔女的結界～箱的魔女～	魔女の結界 ～ハコの魔女～	100,150,200,200							0			3,-1,6,0,0,0,0,0	
1pr	地表最強的男人們	地上最強の男たち								0				
1ps	碧山	グリーンヒルゾーン	100,150,200,200							0			3,-1,6,0,0,0,0,0	
1pt	化工廠	ケミカルプラントゾーン	100,150							0				
1pu	天空聖所	スカイサンクチュアリ	100,150							0				
1pv	第9使徒，來襲	第９の使徒、襲来	100,200,300,300							2			3,-1,6,0,0,0,0,0	
1pw	第10使徒，來襲	第１０の使徒、襲来	100,200,300							2				
1px	EVA第13號機，來襲	エヴァ第１３号機、襲来	100,200,300							2				
1py	New Challenger	New Challenger								0				
1pz	New Challenger	New Challenger								0				
1q0	New Challenger	New Challenger								0				
1q1	New Challenger	New Challenger								0				
1q2	New Challenger	New Challenger								0				
1q3	New Challenger	New Challenger								0				
1q4	New Challenger	New Challenger								0				
1q5	New Challenger	New Challenger								0				
1q6	New Challenger	New Challenger								0				
1q7	New Challenger	New Challenger								0				
1q8	New Challenger	New Challenger								0				
1q9	New Challenger	New Challenger								0				
1qa	New Challenger	New Challenger								0				
1qb	New Challenger	New Challenger								0				
1qc	New Challenger	New Challenger								0				
1qd	New Challenger	New Challenger								0				
1qe	New Challenger	New Challenger								0				
1qf	New Challenger	New Challenger								0				
1qg	New Challenger	New Challenger								0				
1qh	New Challenger	New Challenger								0				
1qi	New Challenger	New Challenger								0				
1qj	New Challenger	New Challenger								0				
1qk	New Challenger	New Challenger								0				
1ql	New Challenger	New Challenger								0				
1qm	New Challenger	New Challenger								0				
1qn	New Challenger	New Challenger								0				
1qo	New Challenger	New Challenger								0				
1qp	New Challenger	New Challenger								0				
1qq	New Challenger	New Challenger								0				
1qr	New Challenger	New Challenger								0				
1qs	New Challenger	New Challenger								0				
1qt	New Challenger	New Challenger								0				
1qu	New Challenger	New Challenger		l	l					0				
1qv	鬼殺隊 入隊測驗	鬼殺隊 入隊試験	100,150,200,200							0			3,-1,6,0,0,0,0,0	
1qw	那田蜘蛛山之戰	那田蜘蛛山の戦い	100,150							0				
1qx	無限列車之戰	無限列車の戦い	100,150							0				
1qy	特別任務！討伐鬼化熊熊老師	特別任務！鬼化クマ先生討伐								0				
1qz	特別任務！討伐累	特別任務！累討伐								0				
1r0	特別任務！討伐魘夢	特別任務！魘夢討伐								0				
1r1	特別任務！討伐猗窩座	特別任務！猗窩座討伐								0				
1r2		隠された聖杯戦争	100,150							0				
2bc	世界篇	日本編	100,150,400							0				
2bd	未來篇 第1章	未来編 第1章								0				
2be	未來篇 第2章	未来編 第2章								0				
2bf	未來篇 第3章	未来編 第3章								0				
2bg	宇宙篇 第1章	宇宙編 第1章								0			0,1,61,0,0,0,0,0|0,2,61,0,0,0,0,0|0,3,0,0,0,300,0,0|0,4,0,0,0,300,0,0|0,5,0,20,0,0,0,0|0,6,0,20,0,0,0,0|0,7,0,0,1,0,0,0|0,8,0,0,1,0,0,0|0,10,51,0,0,0,0,0|0,11,51,0,0,0,0,0|0,12,51,0,0,0,0,0|0,13,0,0,0,0,4000,0|0,14,0,0,0,0,4000,0|0,15,0,0,0,0,4000,0|0,16,0,20,0,0,0,0|0,17,0,20,0,0,0,0|0,18,0,20,0,0,0,0|0,19,0,0,1,0,0,0|0,20,0,0,1,0,0,0|0,21,0,0,1,0,0,0|0,23,14,0,0,0,0,0|0,24,14,0,0,0,0,0|0,25,14,0,0,0,0,0|0,26,0,0,0,0,1200,0|0,27,0,0,0,0,1200,0|0,28,0,0,0,0,1200,0|0,29,0,15,0,0,0,0|0,30,0,15,0,0,0,0|0,31,0,15,0,0,0,0|0,32,0,0,1,0,0,0|0,33,0,0,1,0,0,0|0,35,2,0,0,0,0,0|0,36,2,0,0,0,0,0|0,37,2,0,0,0,0,0|0,38,0,0,0,1200,0,0|0,39,0,0,0,1200,0,0|0,40,0,0,0,1200,0,0|0,41,0,10,0,0,0,0|0,42,0,10,0,0,0,0|0,43,0,10,0,0,0,0|0,44,0,0,1,0,0,0|0,45,0,0,1,0,0,0|0,46,54,10,0,0,0,0	
2bh	宇宙篇 第2章	宇宙編 第2章								0			0,1,61,0,0,0,0,0|0,2,61,0,0,0,0,0|0,3,0,0,0,300,0,0|0,4,0,0,0,300,0,0|0,5,0,20,0,0,0,0|0,6,0,20,0,0,0,0|0,7,0,0,1,0,0,0|0,8,0,0,1,0,0,0|0,10,51,0,0,0,0,0|0,11,51,0,0,0,0,0|0,12,51,0,0,0,0,0|0,13,0,0,0,0,4000,0|0,14,0,0,0,0,4000,0|0,15,0,0,0,0,4000,0|0,16,0,20,0,0,0,0|0,17,0,20,0,0,0,0|0,18,0,20,0,0,0,0|0,19,0,0,1,0,0,0|0,20,0,0,1,0,0,0|0,21,0,0,1,0,0,0|0,23,14,0,0,0,0,0|0,24,14,0,0,0,0,0|0,25,14,0,0,0,0,0|0,26,0,0,0,0,1200,0|0,27,0,0,0,0,1200,0|0,28,0,0,0,0,1200,0|0,29,0,15,0,0,0,0|0,30,0,15,0,0,0,0|0,31,0,15,0,0,0,0|0,32,0,0,1,0,0,0|0,33,0,0,1,0,0,0|0,35,2,0,0,0,0,0|0,36,2,0,0,0,0,0|0,37,2,0,0,0,0,0|0,38,0,0,0,1200,0,0|0,39,0,0,0,1200,0,0|0,40,0,0,0,1200,0,0|0,41,0,10,0,0,0,0|0,42,0,10,0,0,0,0|0,43,0,10,0,0,0,0|0,44,0,0,1,0,0,0|0,45,0,0,1,0,0,0|0,46,54,10,0,0,0,0	
2bi	宇宙篇 第3章	宇宙編 第3章								0			0,1,61,0,0,0,0,0|0,2,61,0,0,0,0,0|0,3,0,0,0,300,0,0|0,4,0,0,0,300,0,0|0,5,0,20,0,0,0,0|0,6,0,20,0,0,0,0|0,7,0,0,1,0,0,0|0,8,0,0,1,0,0,0|0,10,51,0,0,0,0,0|0,11,51,0,0,0,0,0|0,12,51,0,0,0,0,0|0,13,0,0,0,0,4000,0|0,14,0,0,0,0,4000,0|0,15,0,0,0,0,4000,0|0,16,0,20,0,0,0,0|0,17,0,20,0,0,0,0|0,18,0,20,0,0,0,0|0,19,0,0,1,0,0,0|0,20,0,0,1,0,0,0|0,21,0,0,1,0,0,0|0,23,14,0,0,0,0,0|0,24,14,0,0,0,0,0|0,25,14,0,0,0,0,0|0,26,0,0,0,0,1200,0|0,27,0,0,0,0,1200,0|0,28,0,0,0,0,1200,0|0,29,0,15,0,0,0,0|0,30,0,15,0,0,0,0|0,31,0,15,0,0,0,0|0,32,0,0,1,0,0,0|0,33,0,0,1,0,0,0|0,35,2,0,0,0,0,0|0,36,2,0,0,0,0,0|0,37,2,0,0,0,0,0|0,38,0,0,0,1200,0,0|0,39,0,0,0,1200,0,0|0,40,0,0,0,1200,0,0|0,41,0,10,0,0,0,0|0,42,0,10,0,0,0,0|0,43,0,10,0,0,0,0|0,44,0,0,1,0,0,0|0,45,0,0,1,0,0,0|0,46,54,10,0,0,0,0	
2bj	宇宙篇第3章（議事阻撓貓）	宇宙編第3章（フィリバスター）								0				
2bk	世界篇第1章（不死生物）	日本編第1章（ゾンビ）								0				
2bl	世界篇第2章（不死生物）	日本編第2章（ゾンビ）								0				
2bm	世界篇第3章（不死生物）	日本編第3章（ゾンビ）								0				
2bn	未來篇第1章（不死生物）	未来編第1章（ゾンビ）								0				
2bo	未來篇第2章（不死生物）	未来編第2章（ゾンビ）								0				
2bp	未來篇第3章（不死生物）	未来編第3章（ゾンビ）								0				
2bq	宇宙篇第1章（不死生物）	宇宙編第1章（ゾンビ）								0			0,0,0,10,0,0,0,0|0,1,0,10,0,0,0,0|0,2,0,10,0,0,0,0|0,3,0,10,0,0,0,0|0,4,0,15,0,0,0,0|0,5,0,15,0,0,0,0|0,6,0,15,0,0,0,0|0,7,0,15,0,0,0,0|0,8,0,5,0,0,0,0|0,9,0,10,0,0,0,0|0,10,0,10,0,0,0,0|0,11,0,15,0,0,0,0|0,12,0,15,0,0,0,0|0,13,0,15,0,0,0,0|0,14,0,15,0,0,0,0|0,15,0,5,0,0,0,0|0,16,0,10,0,0,0,0|0,17,0,10,0,0,0,0|0,18,0,10,0,0,0,0|0,19,0,15,0,0,0,0|0,20,0,15,0,0,0,0|0,21,0,15,0,0,0,0|0,22,0,10,0,0,0,0|0,23,0,10,0,0,0,0|0,24,0,10,0,0,0,0|0,25,0,10,0,0,0,0|0,26,0,15,0,0,0,0|0,27,0,15,0,0,0,0|0,28,0,15,0,0,0,0|0,29,0,10,0,0,0,0|0,30,0,10,0,0,0,0|0,31,0,10,0,0,0,0|0,32,0,10,0,0,0,0|0,33,0,15,0,0,0,0|0,34,0,15,0,0,0,0|0,35,0,15,0,0,0,0|0,36,0,5,0,0,0,0|0,37,0,10,0,0,0,0|0,38,0,10,0,0,0,0|0,39,0,10,0,0,0,0|0,40,0,15,0,0,0,0|0,41,0,10,0,0,0,0|0,42,0,10,0,0,0,0|0,43,0,10,0,0,0,0|0,44,0,10,0,0,0,0|0,45,0,15,0,0,0,0|0,46,0,10,0,0,0,0|0,47,0,10,0,0,0,0	
2br	宇宙篇第2章（不死生物）	宇宙編第2章（ゾンビ）								0			0,0,0,15,0,0,0,0|0,1,0,10,0,0,0,0|0,2,0,10,0,0,0,0|0,3,0,15,0,0,0,0|0,4,0,5,0,0,0,0|0,5,0,10,0,0,0,0|0,6,0,10,0,0,0,0|0,7,0,10,0,0,0,0|0,8,0,10,0,0,0,0|0,9,0,10,0,0,0,0|0,10,0,10,0,0,0,0|0,11,0,10,0,0,0,0|0,12,0,15,0,0,0,0|0,13,0,10,0,0,0,0|0,14,0,10,0,0,0,0|0,15,0,10,0,0,0,0|0,16,0,15,0,0,0,0|0,17,0,15,0,0,0,0|0,18,0,10,0,0,0,0|0,19,0,10,0,0,0,0|0,20,0,10,0,0,0,0|0,21,0,10,0,0,0,0|0,22,0,15,0,0,0,0|0,23,0,10,0,0,0,0|0,24,0,15,0,0,0,0|0,25,0,10,0,0,0,0|0,26,0,10,0,0,0,0|0,27,0,15,0,0,0,0|0,28,0,5,0,0,0,0|0,29,0,5,0,0,0,0|0,30,0,15,0,0,0,0|0,31,0,15,0,0,0,0|0,32,0,10,0,0,0,0|0,33,0,10,0,0,0,0|0,34,0,10,0,0,0,0|0,35,0,15,0,0,0,0|0,36,0,10,0,0,0,0|0,37,0,10,0,0,0,0|0,38,0,15,0,0,0,0|0,39,0,15,0,0,0,0|0,40,0,10,0,0,0,0|0,41,0,15,0,0,0,0|0,42,0,10,0,0,0,0|0,43,0,10,0,0,0,0|0,44,0,10,0,0,0,0|0,45,0,10,0,0,0,0|0,46,0,15,0,0,0,0|0,47,0,20,0,0,0,0	
2bs	宇宙篇第3章（不死生物）	宇宙編第3章（ゾンビ）								0			0,0,0,20,0,0,0,0|0,1,0,10,0,0,0,0|0,2,0,15,0,0,0,0|0,3,0,10,0,0,0,0|0,4,0,5,0,0,0,0|0,5,0,10,0,0,0,0|0,6,0,15,0,0,0,0|0,7,0,20,0,0,0,0|0,8,0,10,0,0,0,0|0,9,0,10,0,0,0,0|0,10,0,5,0,0,0,0|0,11,0,10,0,0,0,0|0,12,0,15,0,0,0,0|0,13,0,15,0,0,0,0|0,14,0,10,0,0,0,0|0,15,0,10,0,0,0,0|0,16,0,10,0,0,0,0|0,17,0,10,0,0,0,0|0,18,0,15,0,0,0,0|0,19,0,10,0,0,0,0|0,20,0,15,0,0,0,0|0,21,0,10,0,0,0,0|0,22,0,10,0,0,0,0|0,23,0,20,0,0,0,0|0,24,0,15,0,0,0,0|0,25,0,10,0,0,0,0|0,26,0,15,0,0,0,0|0,27,0,20,0,0,0,0|0,28,0,10,0,0,0,0|0,29,0,10,0,0,0,0|0,30,0,10,0,0,0,0|0,31,0,15,0,0,0,0|0,32,0,10,0,0,0,0|0,33,0,15,0,0,0,0|0,34,0,10,0,0,0,0|0,35,0,15,0,0,0,0|0,36,0,10,0,0,0,0|0,37,0,5,0,0,0,0|0,38,0,10,0,0,0,0|0,39,0,15,0,0,0,0|0,40,0,10,0,0,0,0|0,41,0,10,0,0,0,0|0,42,0,10,0,0,0,0|0,43,0,15,0,0,0,0|0,44,0,15,0,0,0,0|0,45,0,10,0,0,0,0|0,46,0,10,0,0,0,0|0,47,0,15,0,0,0,0	
2bt	宇宙篇第3章（不死生物議事阻撓貓）	宇宙編第3章（ゾンビフィリバスター）		0	0					0				
2bu	魔界篇	魔界編		2650	2650					0				
334	進化素材ドロップEX	進化素材ドロップEX								0				
335	進化素材ドロップEX	進化素材ドロップEX								0				
336	進化素材ドロップEX	進化素材ドロップEX								0				
337	進化素材ドロップEX	進化素材ドロップEX								0				
338	進化素材ドロップEX	進化素材ドロップEX								0				
339	弱り目に祟り目EX	弱り目に祟り目EX								0				
33a	神判の日EX	神判の日EX								0				
33b	オーバーテクノロジーEX	オーバーテクノロジーEX								0				
33c	マタタビチャレンジEX	マタタビチャレンジEX								0				
33d	マタタビチャレンジEX	マタタビチャレンジEX								0				
33e	マタタビチャレンジEX	マタタビチャレンジEX								0				
33f	マタタビチャレンジEX	マタタビチャレンジEX								0				
33g	マタタビチャレンジEX	マタタビチャレンジEX								0				
33h	マタタビチャレンジEX	マタタビチャレンジEX								0				
33i	マタタビチャレンジEX	マタタビチャレンジEX								0				
33j	マタタビチャレンジEX	マタタビチャレンジEX								0				
33k	マタタビチャレンジEX	マタタビチャレンジEX								0				
33l	マタタビチャレンジEX	マタタビチャレンジEX								0				
33m	マタタビチャレンジEX	マタタビチャレンジEX								0				
33n	マタタビチャレンジEX	マタタビチャレンジEX								0				
33o	マタタビチャレンジEX	マタタビチャレンジEX								0				
33p	狂乱のもねこ降臨EX	狂乱のもねこ降臨EX								0				
33q	進化の古代マタタビEX	進化の古代マタタビEX								0				
33r	協賛BitSummit記念！EX	協賛BitSummit記念！EX								0				
33s	協賛BitSummit記念！EX	協賛BitSummit記念！EX								0				
33t	進化の虹マタタビEX	進化の虹マタタビ								0				
33u	太古の力EX	太古の力EX				19,0,0,b,0,b,b,0,m	0.75,1,1.25,1.25			0			0,-1,6,0,0,0,0,0	
33v	終末ノ連戦場EX	終末ノ連戦場EX								0				
33w	終末ノ連戦場EX	終末ノ連戦場EX								0				
33x	終末ノ連戦場EX	終末ノ連戦場EX								0				
33y	終末ノ連戦場EX	終末ノ連戦場EX								0				
33z	終末ノ連戦場EX	終末ノ連戦場EX								0				
340	終末ノ連戦場EX	終末ノ連戦場EX								0				
341	終末ノ連戦場EX	終末ノ連戦場EX								0				
342	終末ノ連戦場EX	終末ノ連戦場EX								0				
343	終末ノ連戦場EX	終末ノ連戦場EX								0				
344	終末ノ連戦場EX	終末ノ連戦場EX								0				
345	終末ノ連戦場EX	終末ノ連戦場EX								0				
346	終末ノ連戦場EX	終末ノ連戦場EX								0				
347	天使と般若EX	天使と般若EX								0				
348	女帝と亡者EX	女帝と亡者EX								0				
349	伯爵と乙女EX	伯爵と乙女EX								0				
34a	富士山EX	富士山EX								0				
34b	進化素材ドロップEX	進化素材ドロップEX								0				
34c	進化素材ドロップEX	進化素材ドロップEX								0				
34d	進化素材ドロップEX	進化素材ドロップEX								0				
34e	進化素材ドロップEX	進化素材ドロップEX								0				
34f	門的另一端是天堂？地獄？	時の運EX(天国)								0				
34g	門的另一端是天堂？地獄？	時の運EX(地獄)								0				
34h	進化素材ドロップEX	進化素材ドロップEX								0				
34i	進化素材ドロップEX	進化素材ドロップEX								0				
34j	修学旅行ステージEX	修学旅行ステージEX								0				
34k	亡者と河豚EX	亡者と河豚EX								0				
34l	女帝と乙女EX	女帝と乙女EX								0				
34m	伯爵と天使EX	伯爵と天使EX								0				
34n	狂乱のもねこ降臨EX	狂乱のもねこ降臨EX								0				
34o	#02「13日は何曜日」EX	#02「13日は何曜日」EX								0				
34p	お年玉襲来！EX	お年玉襲来！EX								0				
34q	お年玉襲来！EX(韓国版)	お年玉襲来！EX(韓国版)								0				
34r	進化素材ドロップEX	進化素材ドロップEX								0				
34s	狩人の地図ⅣEX	狩人の地図ⅣEX								0				
34t	熱血！リレー大会EX1	熱血！リレー大会EX1								0				
34u	熱血！リレー大会EX2	熱血！リレー大会EX2								0				
34v	第2章 ツボーン洞窟　EXステージ	第2章 ツボーン洞窟　EXステージ								0				
34w	進化素材ドロップEX	進化素材ドロップEX								0				
34x	阿亀と赤子EX	阿亀と赤子EX								0				
34y	王子と死霊EX	王子と死霊EX								0				
34z	蜜江と聖者EX	蜜江と聖者EX								0				
350	イディ第3進化マップ	イディ第3進化マップ								0				
351	古代賢者マップ	古代賢者マップ								0			0,-1,6,0,0,0,0,0	
352		天下統一への道 ～前編～EX						2		0	【軍事費用制度】：戰鬥開始就可以獲得等同於軍事資金的金錢，但相反地，隨著時間經過或打倒敵人時都無法增加金錢。初始軍事資金是 4,500 元，破關（包含緊急關卡）獎勵可以增加軍事資金（上限為 999,999 元）	無效聯組：初期工作狂貓等級、初期所持金額、工作狂貓的工作效率、工作狂貓錢包、會計能力		
353		天下統一への道 ～後編～EX						2		0	【軍事費用制度】：戰鬥開始就可以獲得等同於軍事資金的金錢，但相反地，隨著時間經過或打倒敵人時都無法增加金錢。初始軍事資金是 4,500 元，破關（包含緊急關卡）獎勵可以增加軍事資金（上限為 999,999 元）	無效聯組：初期工作狂貓等級、初期所持金額、工作狂貓的工作效率、工作狂貓錢包、會計能力		
354	2024回憶相簿　第2戰	2024年思い出アルバム ２戦目								0				
355	2024回憶相簿　第3戰	2024年思い出アルバム ３戦目								0				
356		ボーナスステージ								0				
357		嵐を呼ぶサバイバル　２戦目								0				
358		嵐を呼ぶサバイバル　３戦目								0				
359	第1話 正義のヒーロー参上！EX	第1話 正義のヒーロー参上！EX						2		2				
35a		2025年思い出アルバム ２戦目								0				
35b		2025年思い出アルバム ３戦目								0				
35c		お年玉襲来！EX								0				
3uw	初學者之館	初心の間		1	1					0				
3ux	ニコニコの間	ニコニコの間								0				
4mo	風雲貓咪塔	風雲にゃんこ塔								2				
4mp	喵別塔【紅】	にゃんこ別塔【赤】								2				
4mq	喵別塔【黑】	にゃんこ別塔【黒】								2				
4mr	喵別塔【天】	にゃんこ別塔【天】								2				
4ms	喵別塔【異】	にゃんこ別塔【蒼】								2				
4mt	喵別塔【死】	にゃんこ別塔【屍】								2				
4mu	異界貓咪塔	異界にゃんこ塔		1x	1x					2				
4mv	喵別塔【無】	にゃんこ別塔【無】								2				
4mw	喵別塔【惡】	にゃんこ別塔【悪】		3	3					2				
4mx	喵別塔【古】	にゃんこ別塔【古】		k	k					2				
4my	黃金貓咪塔	黄金にゃんこ塔								2				
4mz		魅惑の堕天楼			3j					2	【經費制度】：戰鬥開始就可以獲得等同於經費的金錢，但相反地，隨著時間經過或打倒敵人時都無法增加金錢。初始經費是 4,500 元，任務獎勵可以增加經費（上限為 999,999 元）	無效聯組：初期工作狂貓等級、初期所持金額、工作狂貓的工作效率、工作狂貓錢包、會計能力		
5eg	排行賽會場	ランキングの間								0				
5eh	排行賽會場	ランキングの間								0				
5ei	排行賽會場	ランキングの間								0				
5ej	排行賽會場	ランキングの間								0				
5ek	排行賽會場	ランキングの間								0				
5el	排行賽會場	ランキングの間								0				
5em	ランキングの間(旧)	ランキングの間(旧)						16		0				
5en	排行賽會場	ランキングの間								0				
5eo	排行賽會場	ランキングの間								0				
5ep	排行賽會場	ランキングの間								0				
5eq	排行賽會場	ランキングの間								0				
5er	排行賽會場	ランキングの間		1	3					0				
5es	排行賽會場	ランキングの間		1	3					0				
5et	排行賽會場	ランキングの間		1	3					0				
5eu	排行賽會場	ランキングの間								0				
5ev	排行賽會場	ランキングの間								0				
5ew	排行賽會場	ランキングの間								0				
5ex	超・排行賽會場	超・ランキングの間		1	6					0				
5ey		ランキングの間(旧)						16		0				
5ez	排行賽會場	ランキングの間								0				
5f0	排行賽會場【外傳】	ランキングの間【外伝】								0			0,-1,9,0,0,0,0,0	
5f1	排行賽會場【外傳】	ランキングの間【外伝】								0			0,-1,6,0,0,0,0,0	
5f2	排行賽會場【外傳】	ランキングの間【外伝】								0			0,-1,0,0,0,0,2500,0	
5f3	排行賽會場	ランキングの間								0			0,-1,0,9,0,0,0,0	
5f4	排行賽會場	ランキングの間								0			0,-1,0,5,0,0,0,0	
5f5	排行賽會場	ランキングの間								0				
5f6	超排行賽會場	超ランキングの間								0				
5f7	排行賽會場	ランキングの間								0				
5f8	超排行賽會場	超ランキングの間								0				
5f9		ランキングの間								0				
5fa	極排行賽會場【攻擊力下降】	極ランキングの間【攻撃力ダウン】		2f6w	2f6w			32		0				
5fb	排行賽會場	ランキングの間								0				
5fc	排行賽會場	ランキングの間								0				
5fd	極排行賽會場【打飛敵人】	極ランキングの間【ふっとばす】		2f6w	2f6w			32		0				
5fe	超排行賽會場	超ランキングの間								0				
5ff	極排行賽會場【善於攻擊（攻）】	極ランキングの間【めっぽう強い（攻）】		2f6w	2f6w			32		0				
5fg	極排行賽會場【動作停止】	極ランキングの間【動きを止める】		2f6w	2f6w			32		0				
5fh	排行賽會場	ランキングの間								0				
5fi	極排行賽會場【超大傷害】	極ランキングの間【超ダメージ】		2f6w	2f6w			32		0				
5fj	排行賽會場	ランキングの間								0				
5fk	極排行賽會場【使動作變慢】	極ランキングの間【動きを遅くする】		2f6w	2f6w			32		0				
5fl	極排行賽會場【打飛敵人】	極ランキングの間【ふっとばす】		2f6w	2f6w			32		0				
5fm	排行賽會場	ランキングの間								0				
5fn	極排行賽會場【攻擊力下降】	極ランキングの間【攻撃力ダウン】		2f6w	2f6w			32		0				
5fo	極排行賽會場【善於攻擊（防）】	極ランキングの間【めっぽう強い（防）】		2f6w	2f6w			32		0				
5fp	極排行賽會場【超大傷害】	極ランキングの間【超ダメージ】		2f6w	2f6w			32		0				
5fq	極排行賽會場【很耐打】	極ランキングの間【打たれ強い】		2f6w	2f6w			32		0				
5fr	極排行賽會場【動作停止】	極ランキングの間【動きを止める】		2f6w	2f6w			32		0				
5fs		ランキングの間								0				
668	挑戰賽	チャレンジバトル		1	1					0				
6y0	真・傳說的開始	真・伝説のはじまり	100,150,200,100			x,8,8,8,8,8,8,8,8	0.75,1,1.25,1.25			0			3,-1,6,0,0,0,0,0	
6y1	滿腹秘境	まんぷく秘境	100,150,200,100			x,a,0,a,5,0,e,5,o	0.75,1,1.25,1.25			0			3,-1,6,0,0,0,0,0	
6y2	冒險大森林	アドベン大森林	100,150,200,100			x,f,0,4,4,4,f,f,b	0.75,1,1.25,1.25			0			3,-1,6,0,0,0,0,0	
6y3	啪唰舊海道	じゃぶじゃぶ旧海道	100,150,200,100			x,9,0,3,3,f,6,c,k	0.75,1,1.25,1.25			0			3,-1,6,0,0,0,0,0	
6y4	旺旺灣	ワンワン湾	100,150,200,100			x,c,3,9,9,3,c,3,f	0.75,1,1.25,1.25			0			3,-1,6,0,0,0,0,0	
6y5	深淵窺視者	深淵を覗く者	100,150,200,100			x,a,0,a,3,7,3,7,r	0.75,1,1.25,1.25			0			3,-1,6,0,0,0,0,0	
6y6	異界城市	デスメガシティ	100,150,200,100			x,9,5,5,5,0,g,c,g	0.75,1,1.25,1.25			0			3,-1,6,0,0,0,0,0	
6y7	無法地帶的戒律	無法地帯のオキテ	100,150,200,100			x,8,4,d,0,4,4,p,8	0.75,1,1.25,1.25			0			3,-1,6,0,0,0,0,0	
6y8	唏哩嘩啦半島	パラリラ半島	100,150,200,100			x,9,0,6,6,h,9,c,9	0.75,1,1.25,1.25			0			3,-1,6,0,0,0,0,0	
6y9	貓咪們的政變	キャットクーデター	100,150,200,100			x,7,7,7,7,3,a,a,h	0.75,1,1.25,1.25			0			3,-1,6,0,0,0,0,0	
6ya	櫻桃島	桜んぼ島	100,140,180,100			x,i,a,8,3,5,d,3,8	0.75,1,1.25,1.25			0			3,-1,6,0,0,0,0,0	
6yb	打從魂魄的歸化	魂底からの帰化	100,140,180,100			x,6,a,6,6,3,g,6,d	0.75,1,1.25,1.25			0			3,-1,6,0,0,0,0,0	
6yc	絕滅海洋城	絶滅海洋タウン	100,140,180,100			x,7,9,7,0,4,i,d,9	0.75,1,1.25,1.25			0			3,-1,6,0,0,0,0,0	
6yd	流放渡假村	島流しリゾート	100,140,180,100			x,7,4,b,b,4,i,b,4	0.75,1,1.25,1.25			0			3,-1,6,0,0,0,0,0	
6ye	困惑的魔道路	まどいの魔道路	100,140,180,100			x,2,i,4,6,6,i,8,4	0.75,1,1.25,1.25			0			3,-1,6,0,0,0,0,0	
6yf	天界酒吧坊	天界バル横丁	100,140,180,100			x,j,5,5,0,0,o,a,5	0.75,1,1.25,1.25			0			3,-1,6,0,0,0,0,0	
6yg	澡堂大戰鬥	バトル銭湯	100,140,180,100			x,5,3,a,0,d,a,f,a	0.75,1,1.25,1.25			0			3,-1,6,0,0,0,0,0	
6yh	道地三連山	はえぬき三連山	100,140,180,100			x,i,4,9,0,0,9,i,9	0.75,1,1.25,1.25			0			3,-1,6,0,0,0,0,0	
6yi	海洋官邸	マリン官邸	100,140,180,100			x,7,g,7,9,7,d,4,4	0.75,1,1.25,1.25			0			3,-1,6,0,0,0,0,0	
6yj	寄生校園的惡意	学園に巣くう悪意	100,140,180,100			x,7,d,a,0,3,h,0,h	0.75,1,1.25,1.25			0			3,-1,6,0,0,0,0,0	
6yk	粉粿金礦	ところてん金鉱	100,140,180,100			x,7,3,3,a,7,a,n,3	0.75,1,1.25,1.25			0			3,-1,6,0,0,0,0,0	
6yl	酩酊煉鐵廠	酩酊製鉄所	100,130,170,100			x,4,b,4,4,4,7,0,z	0.75,1,1.25,1.25			0			3,-1,6,0,0,0,0,0	
6ym	被揭露的神殿之秘寶	暴かれし神殿の秘宝	100,130,170,100			x,4,d,4,4,4,h,0,l	0.75,1,1.25,1.25			0			3,-1,6,0,0,0,0,0	
6yn	帝國動亂	帝政エイジャナイカ	100,130,170,100			x,4,c,9,0,9,g,e,4	0.75,1,1.25,1.25			0			3,-1,6,0,0,0,0,0	
6yo	鋼鐵健身中心	鋼鉄スポーツジム	100,130,170,100			x,g,3,d,3,6,g,3,6	0.75,1,1.25,1.25			0			3,-1,6,0,0,0,0,0	
6yp	明星諸島	明星おきの島	100,130,170,100			x,6,6,j,d,6,3,3,a	0.75,1,1.25,1.25			0			3,-1,6,0,0,0,0,0	
6yq	沉睡森林的故事	眠れる森の何か	100,130,170,100			x,9,f,3,0,6,f,0,i	0.75,1,1.25,1.25			0			3,-1,6,0,0,0,0,0	
6yr	實驗島	ラボラ・トリ島	100,130,170,100			x,c,5,4,5,7,n,9,2	0.75,1,1.25,1.25			0			3,-1,6,0,0,0,0,0	
6ys	被遺忘的墳場	忘らるる墓所	100,130,170,100			x,7,4,4,0,2,2,p,m	0.75,1,1.25,1.25			0			3,-1,6,0,0,0,0,0	
6yt	宣告開始的早晨	始まりを告げる朝	100,130,170,100			x,5,3,3,b,3,g,j,8	0.75,1,1.25,1.25			0			3,-1,6,0,0,0,0,0	
6yu	幸運快樂寺院	ハッピーラッキー寺院	100,130,170,100			x,2,9,0,2,b,t,b,2	0.75,1,1.25,1.25			0			3,-1,6,0,0,0,0,0	
6yv	怪館戲院	キネマ怪館	100,130,170,100			x,e,c,a,0,c,2,e,2	0.75,1,1.25,1.25			0			3,-1,6,0,0,0,0,0	
6yw	多樣性都市	ダイバー都市	100,130,170,100			x,7,0,7,p,c,0,f,0	0.75,1,1.25,1.25			0			3,-1,6,0,0,0,0,0	
6yx	東南亞・巡禮	ナシゴ・レン	100,130,170,100			x,4,i,9,0,4,4,4,m	0.75,1,1.25,1.25			0			3,-1,6,0,0,0,0,0	
6yy	DNA果樹園	DNA果樹園	100,130,170,100			x,9,0,6,3,f,f,i,0	0.75,1,1.25,1.25			0			3,-1,6,0,0,0,0,0	
6yz	古代樹迷宮	古代樹の迷宮	100,130,170,100			x,h,5,e,a,2,5,a,5	0.75,1,1.25,1.25			0			3,-1,6,0,0,0,0,0	
6z0	阻擋者們的城堡	立ちはだかる者達の城	100,130,160,100			x,8,8,6,3,h,8,8,8	0.75,1,1.25,1.25			0			3,-1,6,0,0,0,0,0	
6z1	時空的彎曲	時空のゆがみ	100,130,150,100			x,d,d,g,2,7,0,g,0	0.75,1,1.25,1.25			0			3,-1,6,0,0,0,0,0	
6z2	大災難的開始	大厄災のはじまり	100,130,150,100		1w	x,8,8,8,8,8,8,8,8	0.75,1,1.25,1.25			0			3,-1,6,0,0,0,0,0	
6z3	魔海域大港	魔海域ビックラ港	100,130,150,100			x,e,b,4,0,7,7,b,e	0.75,1,1.25,1.25			0			3,-1,6,0,0,0,0,0	
6z4	霹靂沸騰園	デッドヒートランド	100,130,150,100			x,l,0,a,0,f,5,f,0	0.75,1,1.25,1.25			0			3,-1,6,0,0,0,0,0	
6z5	愛情死巷子	バラ色の袋小路	100,130,150,100			x,5,a,5,8,a,f,8,5	0.75,1,1.25,1.25			0			3,-1,6,0,0,0,0,0	
6z6	千年獸的靈峰	千年獣の霊峰	100,130,150,100			x,7,7,5,7,5,a,a,f	0.75,1,1.25,1.25			0			3,-1,6,0,0,0,0,0	
6z7	月光自由沙灘	ムーディストビーチ	100,120,140,100			x,4,l,6,2,2,f,a,6	0.75,1,1.25,1.25			0			3,-1,6,0,0,0,0,0	
6z8	追逐貓咪的故鄉	猫追いしふるさと	100,120,140,100			x,3,f,3,0,0,3,0,18	0.75,1,1.25,1.25			0			3,-1,6,0,0,0,0,0	
6z9	海賊王商店街	海賊王商店街	100,120,140,100			x,5,b,3,0,3,8,8,t	0.75,1,1.25,1.25			0			3,-1,6,0,0,0,0,0	
6za	虛虛實實的道路	真なる虚実を紡ぐ道	100,120,140,100			x,5,b,3,3,3,a,3,t	0.75,1,1.25,1.25			0			3,-1,6,0,0,0,0,0	
6zb	人類貓咪化計劃	人類ネコ化計画	100,110,120,100			x,6,6,a,4,4,0,2,z	0.75,1,1.25,1.25			0			3,-1,6,0,0,0,0,0	
6zc	古代神木	古代神樹	100,110,120,100			x,0,0,0,0,0,0,0,1v	0.75,1,1.25,1.25			0			3,-1,6,0,0,0,0,0	
7ps	進化的黃色貓薄荷 (旧)	進化の黄マタタビ(旧)		1	3			16		0				
7pt	進化的藍色貓薄荷 (旧)	進化の青マタタビ(旧)		1	3			16		0				
7pu	進化的紅色貓薄荷 (旧)	進化の赤マタタビ(旧)		1	3			16		0				
7pv	進化的紫色貓薄荷 (旧)	進化の紫マタタビ(旧)		1	3			16		0				
7pw	進化的綠色貓薄荷 (旧)	進化の緑マタタビ(旧)		1	3			16		0				
7px	逆襲的臉君	逆襲のカオル君		1	4					3				
7py	逆襲的河馬將	逆襲のカバちゃん		1	1					3				
7pz	貓咪券★機會！	にゃんチケ★チャンス！		1	1					3				
7q0	超終極游擊經驗值喵！	超極ゲリラ経験値にゃ！		6				8		3				
7q1	終極游擊經驗值喵！	極ゲリラ経験値にゃ！		3	4			8		3				
7q2	超級游擊經驗值喵！	超ゲリラ経験値にゃ！		1	3			8		3				
7q3	游擊戰經驗值喵！	ゲリラ経験値にゃ！		1	1			8		3				
7q4	斷罪天使海蝶降臨	断罪天使クオリネル降臨		16	16					3				
7q5	地獄門	地獄門		17	17					3				
7q6	女帝飛來	女帝飛来		18	18					3				
7q7	亡者肥普降臨	亡者デブウ降臨		19	19					3				
7q8	吉娃娃伯爵降臨	チワワン伯爵降臨		1a	1a					3			0,-1,49,0,0,0,0,0	
7q9	春宵苦短，少女做夢吧！	夜は短し夢みよ乙女		1b	1b					3				
7qa	紅色突變	紅のカタストロフ		1c	1c					3				
7qb	黑暗天堂	ダークネスヘブン		1d	1d					3				
7qc	國士無雙	国士無双		1e	1e					3				
7qd	天譴	天罰		1f	1f					3				
7qe	鐵子的部屋	鉄子の部屋		1g	1g					3				
7qf	絕望異次元	絶望異次元		1h	1h					3				
7qg	狂亂貓降臨	狂乱のネコ降臨		1i	1i					3				
7qh	狂亂坦克貓降臨	狂乱のタンク降臨		1j	1j					3				
7qi	狂亂戰鬥貓降臨	狂乱のバトル降臨		1k	1k					3				
7qj	狂亂噁心貓降臨	狂乱のキモネコ降臨		1l	1l					3				
7qk	狂亂牛貓降臨	狂乱のウシ降臨		1m	1m					3				
7ql	狂亂鳥貓降臨	狂乱のトリ降臨		1n	1n					3				
7qm	狂亂魚貓降臨	狂乱のフィッシュ降臨		1o	1o					3				
7qn	狂亂蜥蜴貓降臨	狂乱のトカゲ降臨		1p	1p					3				
7qo	狂亂巨神貓降臨	狂乱の巨神降臨		1q	1q					3				
7qp	藍色衝擊	ブルーインパクト		22	22					3				
7qq	狂亂萌貓降臨	狂乱のもねこ降臨		23	23					3				
7qr	緊急暴風警報	緊急爆風警報		24	24					3				
7qs	滾死樂團	ローリングデッド		25	25					3				
7qt	零號颱風	台風零号		26	26					3				
7qu	大魔王	メガサターン		27	27					3				
7qv	暗沼幽靈	ほの暗い沼の底から		28	28					3				
7qw	大狂亂貓咪降臨	大狂乱のネコ降臨		29	29					3				
7qx	大狂亂坦克貓降臨	大狂乱のタンク降臨		2a	2a					3				
7qy	大狂亂戰鬥貓降臨	大狂乱のバトル降臨		2b	2b					3				
7qz	大狂亂噁心貓降臨	大狂乱のキモネコ降臨		2c	2c					3				
7r0	大狂亂牛貓降臨	大狂乱のウシ降臨		2d	2d					3				
7r1	大狂亂鳥貓降臨	大狂乱のトリ降臨		2e	2e					3				
7r2	大狂亂魚貓降臨	大狂乱のフィッシュ降臨		2f	2f					3				
7r3	大狂亂蜥蜴貓降臨	大狂乱のトカゲ降臨		2g	2g					3				
7r4	大狂亂巨神貓降臨	大狂乱の巨神降臨		2h	2h					3				
7r5	絕望新次元	絶望新次元		2i	2i					3				
7r6	超終極惡游擊經驗值喵！	超極悪ゲリラ経験値にゃ！		2650	2650			8		3				
7r7	進化的惡貓薄荷	進化の悪マタタビ		2650	2650			2		3				
8hk	巨大生物強襲 !	ヒュージゴマ強襲 !(旧)		1	1			16	30分鐘	2				
8hl	巨大生物強襲 !!	ヒュージゴマ強襲 !!(旧)		1	4			16	30分鐘	2				
8hm	巨大生物強襲 !!!	ヒュージゴマ強襲 !!!(旧)		4	7			16	30分鐘	2				
8hn	巨象黑藏強襲 !	ジャイアント黒蔵強襲 !(旧)		1	1			16	30分鐘	2				
8ho	巨象黑藏強襲 !!	ジャイアント黒蔵強襲 !!(旧)		1	4			16	30分鐘	2				
8hp	巨象黑藏強襲 !!!	ジャイアント黒蔵強襲 !!!(旧)		4	7			16	30分鐘	2				
8hq	巨蛾蛾蛾強襲 !	ギガガガ強襲 !(旧)		1	1			16	30分鐘	2				
8hr	巨蛾蛾蛾強襲 !!	ギガガガ強襲 !!(旧)		1	4			16	30分鐘	2				
8hs	巨蛾蛾蛾強襲 !!!	ギガガガ強襲 !!!(旧)		4	7			16	30分鐘	2				
8ht	巨大河馬星人強襲 !	デッカーバチャン強襲 !(旧)		1	1			16	30分鐘	2				
8hu	巨大河馬星人強襲 !!	デッカーバチャン強襲 !!(旧)		1	4			16	30分鐘	2				
8hv	巨大河馬星人強襲 !!!	デッカーバチャン強襲 !!!(旧)		4	7			16	30分鐘	2				
8hw	今年也請多指教強襲！	ことよろにゃ強襲！(ΦωΦ)							30分鐘	2				
8hx	情人節強襲！	バレンタイン強襲！		1	1				30分鐘	2				
8hy	復活節強襲！	イースター強襲！		1	1				30分鐘	2				
8hz	6月強襲！	6月強襲！		1	25ye				30分鐘	2			0,-1,0,10,0,0,0,0	
8i0	續・6月強襲！	続・6月強襲！		25ye	2625				30分鐘	2			0,-1,0,10,0,0,0,0	
8i1	7月強襲！	7月強襲！		1	25yf				30分鐘	2			0,-1,0,10,0,0,0,0	
8i2	續・7月強襲！	続・7月強襲！		25yf	2626				30分鐘	2			0,-1,0,10,0,0,0,0	
8i3	貓咪的暑假	ねこのなつやすみ							30分鐘	2				
8i4	巨大生物強襲	ヒュージゴマ強襲		3	6				30分鐘	2				
8i5	8月強襲！	8月強襲！		1	25yg				30分鐘	2			0,-1,0,10,0,0,0,0	
8i6	續・8月強襲！	続・8月強襲！		25yg	2627				30分鐘	2			0,-1,0,10,0,0,0,0	
8i7	9月強襲！	9月強襲！		1	25yk				30分鐘	2			0,-1,0,10,0,0,0,0	
8i8	續・9月強襲！	続・9月強襲！		25yk	2628				30分鐘	2			0,-1,0,10,0,0,0,0	
8i9	10月強襲！	10月強襲！		1	25ym				30分鐘	2			0,-1,0,10,0,0,0,0	
8ia	續・10月強襲！	続・10月強襲！		25ym	262a				30分鐘	2			0,-1,0,10,0,0,0,0	
8ib	巨象黑藏強襲	ジャイアント黒蔵強襲		3	6				30分鐘	2				
8ic	11月強襲！	11月強襲！		1	25xt				30分鐘	2			0,-1,0,10,0,0,0,0	
8id	續・11月強襲！	続・11月強襲！		25xt	262b				30分鐘	2			0,-1,0,10,0,0,0,0	
8ie	12月強襲！	12月強襲！		1	25xu				30分鐘	2			0,-1,0,10,0,0,0,0	
8if	續・12月強襲！	続・12月強襲！		25xu	262f				30分鐘	2			0,-1,0,10,0,0,0,0	
8ig	1月強襲！	1月強襲！		1	25xv				30分鐘	2			0,-1,0,10,0,0,0,0	
8ih	續・1月強襲！	続・1月強襲！		25xv	262o				30分鐘	2			0,-1,0,10,0,0,0,0	
8ii	巨蛾蛾蛾強襲	ギガガガ強襲		3	6				30分鐘	2				
8ij	巨大河馬星人強襲	デッカーバチャン強襲		3	6				30分鐘	2				
8ik	今年也請多指教強襲！	ことよろにゃ強襲！(ΦωΦ)							30分鐘	2				
8il	特大號大天使強襲	大天使エクスエル強襲		3	6				30分鐘	2				
8im	巨大企鵝大哥Z強襲	ビッグペンZ強襲		3	6				30分鐘	2				
8in	2月強襲！	2月強襲！		1	25xw				30分鐘	2			0,-1,0,10,0,0,0,0	
8io	續・2月強襲！	続・2月強襲！		25xw	262q				30分鐘	2			0,-1,0,10,0,0,0,0	
8ip	貓咪歡慶佳節～過年篇～	お祭りにゃんこ ～春節編～							30分鐘	2				
8iq	貓咪們的逆襲	ネコたちの逆襲(旧)						16		0				
8ir	3月強襲！	3月強襲！		1	25xx				30分鐘	2			0,-1,0,10,0,0,0,0	
8is	續・3月強襲！	続・3月強襲！		25xx	262w				30分鐘	2			0,-1,0,10,0,0,0,0	
8it	強襲！人情巧克力軍團	強襲！義理チョコ軍団		1	1				30分鐘	2				
8iu	4月強襲！	4月強襲！		1	25ya				30分鐘	2			0,-1,0,10,0,0,0,0	
8iv	續・4月強襲！	続・4月強襲！		25ya	262y				30分鐘	2			0,-1,0,10,0,0,0,0	
8iw	Season1～學園生活～	Season1 ～学園生活～							30分鐘	2				
8ix	月間活動全明星 眾星雲集大感謝祭！	月イベントオールスターズ スター大集合大感謝祭！							30分鐘	2				
8iy	5月強襲！	5月強襲！		1	25yd				30分鐘	2			0,-1,0,10,0,0,0,0	
8iz	續・5月強襲！	続・5月強襲！		25yd	2631				30分鐘	2			0,-1,0,10,0,0,0,0	
8j0	#01「惡魔婚宴會場」	#01「悪霊の式場」							30分鐘	2				
8j1	決鬥大挑戰	決闘チャレンジ								2			0,-1,0,1,0,0,0,0	
8j2	雙人鬪技大挑戰	タッグ闘技チャレンジ								2			0,-1,0,2,0,0,0,0	
8j3	秘寶沉眠之孤島	秘宝の眠る孤島		6	6					0				
8j4	#03 萬聖節百鬼夜行	#03 ハロウィン百鬼夜行							30分鐘	2				
8j5	第1部 10週年回顧大遊行	第1部 10年の軌跡パレード							30分鐘	0				
8j6	第二晚 平安夜裡送禮物	第二夜 聖夜のプレゼント配達		1					30分鐘	2				
8j7	今年也請多指教強襲！	ことよろにゃ強襲！(ΦωΦ)							30分鐘	2				
8j8	坦克貓們的逆襲	タンクネコたちの逆襲(旧)						16		0				
8j9	巨大三惡魔強襲	オーメンズ強襲		3	6				30分鐘	2				
8ja		第1章 ネコたちの冒険							30分鐘	2				
8jb	今年也請多指教強襲！	ことよろにゃ強襲！(ΦωΦ)						16	30分鐘	2				
8jc	貓咪們的大逆襲 (旧)	ネコたちの大逆襲(旧)						16	30分鐘	2				
8jd	大型陶器埴輪巨犬強襲	大型土器ダイハニワン強襲		3	6				30分鐘	2				
8je	わんわん王国の異変	わんわん王国の異変							30分鐘	2				
8jf	貓咪的暑假 野外求生	ねこのなつやすみ サバイバル (旧)						16		0				
8jg	#01 鬼魂大騷動	#01 ゴーストパニック							30分鐘	2				
8jh	今年也請多指教強襲！	ことよろにゃ強襲！(ΦωΦ)							30分鐘	2				
8ji	特賣會戰鬥之路	特売バトルロード							30分鐘	2				
8jj	貓咪的暑假 野外求生	ねこのなつやすみ　サバイバル							30分鐘	2				
8jk	島嶼守護者強襲！	島を守りし者強襲！							30分鐘	2				
8jl	貓咪的暑假 享樂天堂	ねこのなつやすみ パラダイス							30分鐘	2				
8jm	1億1111萬下載紀念 大慶祝！	1億1111万ダウンロード記念 セレブレーション！							30分鐘	2				
8jn	第2話 邪惡的巨顏	第2話 悪の巨顔			3j				30分鐘	2				
8jo	第3話 漆黑的貴婦	第3話 黒き貴婦人(旧)			3j			16		0				
8jp	今年也請多指教強襲！	ことよろにゃ強襲！(ΦωΦ)							30分鐘	2				
8jq	貓咪們的大逆襲	ネコたちの大逆襲							30分鐘	2				
8jr		強襲！いたずらウッディ							30分鐘	2				
8js	第3話 漆黑的貴婦	第3話 黒き貴婦人			3j				30分鐘	2				
99c	道具古戰場	アテイム古戦場								0				
99d	維他命溪谷	ビタミン渓谷								0				
99e	貓咪券★獵人	にゃんチケ★ハンター								0				
99f	精神與時間的小屋	精神と時間の小屋								0				
99g	精神與時間的洞窟	精神と時間の洞窟								0				
99h	精神與時間的迷宮	精神と時間の迷宮								0				
99i	貓眼洞窟	ねこの目洞窟								0				
99j	維他命火山	ビタミン火山								0				
99k	貓咪券★獵人G	にゃんチケ★ハンターG								0				
99l	紅色本能的起源	紅き本能の起源								0				
99m	紅色本能的頂點	紅き本能の頂								0				
99n	紅色本能的秘境	紅き本能の秘境								0				
99o	飄浮本能的起源	浮ける本能の起源								0				
99p	飄浮本能的頂點	浮ける本能の頂								0				
99q	飄浮本能的秘境	浮ける本能の秘境								0				
99r	黑色本能的起源	黒き本能の起源								0				
99s	黑色本能的頂點	黒き本能の頂								0				
99t	黑色本能的秘境	黒き本能の秘境								0				
99u	神聖本能的起源	聖なる本能の起源								0				
99v	神聖本能的頂點	聖なる本能の頂								0				
99w	神聖本能的秘境	聖なる本能の秘境								0				
99x	蒼藍本能的起源	蒼き本能の起源								0				
99y	蒼藍本能的頂點	蒼き本能の頂								0				
99z	蒼藍本能的秘境	蒼き本能の秘境								0				
9a0	腐朽本能的起源	朽ちた本能の起源								0				
9a1	腐朽本能的頂點	朽ちた本能の頂								0				
9a2	腐朽本能的秘境	朽ちた本能の秘境								0				
9a3	強硬本能的起源	硬き本能の起源								0				
9a4	強硬本能的頂點	硬き本能の頂								0				
9a5	強硬本能的秘境	硬き本能の秘境								0				
9a6	老舊秘密基地	おんぼろ秘密基地								0				
9a7	絕佳秘密基地	イケてる秘密基地								0				
9a8	完美秘密基地	かんぺきな秘密基地								0				
9a9	紅色本能的起源	紅き本能の起源								0				
9aa	紅色本能的頂點	紅き本能の頂								0				
9ab	紅色本能的秘境	紅き本能の秘境								0				
9ac	飄浮本能的起源	浮ける本能の起源								0				
9ad	飄浮本能的頂點	浮ける本能の頂								0				
9ae	飄浮本能的秘境	浮ける本能の秘境								0				
9af	黑色本能的起源	黒き本能の起源								0				
9ag	黑色本能的頂點	黒き本能の頂								0				
9ah	黑色本能的秘境	黒き本能の秘境								0				
9ai	神聖本能的起源	聖なる本能の起源								0				
9aj	神聖本能的頂點	聖なる本能の頂								0				
9ak	神聖本能的秘境	聖なる本能の秘境								0				
9al	腐朽本能的起源	朽ちた本能の起源								0				
9am	腐朽本能的頂點	朽ちた本能の頂								0				
9an	腐朽本能的秘境	朽ちた本能の秘境								0				
9ao	蒼藍本能的起源	蒼き本能の起源								0				
9ap	蒼藍本能的頂點	蒼き本能の頂								0				
9aq	蒼藍本能的秘境	蒼き本能の秘境								0				
9ar	老舊秘密基地	おんぼろ秘密基地								0				
9as	老舊秘密基地	おんぼろ秘密基地								0				
9at	老舊秘密基地	おんぼろ秘密基地								0				
9au	絕佳秘密基地	イケてる秘密基地								0				
9av	絕佳秘密基地	イケてる秘密基地								0				
9aw	絕佳秘密基地	イケてる秘密基地								0				
9ax	完美秘密基地	かんぺきな秘密基地								0				
9ay	完美秘密基地	かんぺきな秘密基地								0				
9az	完美秘密基地	かんぺきな秘密基地								0				
9b0	獵人的地圖Ⅰ	狩人の地図Ⅰ								0				
9b1	獵人的地圖Ⅱ	狩人の地図Ⅱ								0				
9b2	獵人的地圖Ⅲ	狩人の地図Ⅲ								0				
9b3	惡意本能的起源	悪しき本能の起源								0				
9b4	惡意本能的頂點	悪しき本能の頂								0				
9b5	惡意本能的秘境	悪しき本能の秘境								0				
9b6	獵人的地圖Ⅳ	狩人の地図Ⅳ								0				
9b7	古代本能的起源	古き本能の起源								0				
9b8	古代本能的頂點	古き本能の頂								0				
9b9	古代本能的秘境	古き本能の秘境								0				
9ba	重逢的地圖	再会の地図								0				
9bb	重逢的地圖	再会の地図								0				
9bc	重逢的地圖	再会の地図								0				
a14	梅西耶 強襲！	メシエ 強襲！		1	3				30分鐘	2				
a15	U.F.O.軍団 強襲！	U.F.O.軍団 強襲！		1	1				30分鐘	2				
a16	惡魔軍 強襲 !	悪魔軍 強襲 !		1	1				30分鐘	2				
a17	天使軍 強襲 !	天使軍 強襲 !		1	3				30分鐘	2				
a18	強襲的梅露可物語	強襲のメルクストーリア		1	3				30分鐘	2				
a19	強襲！電子歌姬	強襲！電子の歌姫		1	1				30分鐘	2				
a1a	強襲！電子の歌姫(韓国版)	強襲！電子の歌姫(韓国版)		1	1				30分鐘	2				
a1b	使徒強襲	使徒強襲			1r				30分鐘	2				
a1c	強襲！亂馬１/２	強襲！らんま１/２		1	1				30分鐘	2				
a1d	魔女之夜	ワルプルギスの夜							30分鐘	2				
a1e	めざせＧＩ にゃんこ競馬	めざせＧＩ にゃんこ競馬							30分鐘	2				
a1f	強襲！城とドラゴン	強襲！城とドラゴン		1	3				30分鐘	2				
a1g	強襲！「亂馬１/２」	強襲！らんま1/2		1	1				30分鐘	2				
a1h	歌后曼波魚崎A・Y・U 強襲！	ハマンボ崎あゆみ　強襲！							30分鐘	2				
a1i	Servant強襲！	サーヴァント強襲！		1	3				30分鐘	2				
a1j	強襲！METAL SLUG越南大戰	強襲！メタルスラッグ							30分鐘	2				
a1k	強襲！神魔之塔	強襲！神魔の塔			1				30分鐘	2				
a1l	強襲！頭目・四乃森蒼紫	強襲！御頭・四乃森蒼紫			1				30分鐘	2				
a1m	VS花山薰	VS花山薫							30分鐘	2				
a1n	VS愚地克巳	VS愚地克巳							30分鐘	2				
a1o	VS烈海王	VS烈海王							30分鐘	2				
a1p	VS傑克・範馬	VSジャック・ハンマー							30分鐘	2				
a1q	VS範馬刃牙	VS範馬刃牙							30分鐘	2				
a1r	激進高速公路	ラジカルハイウェイ			1				30分鐘	2				
a1s	EVA量產機強襲	エヴァ量産機強襲		3	4				30分鐘	2				
a1t	強襲！與猗窩座的戰鬥	強襲！猗窩座との戦い			1				30分鐘	2				
a1u		真アサシン強襲！		1	3				30分鐘	2				
asw	甲普拉密林	ガープラ密林		3	3					3				
asx	亞蜥比沙漠	アシビニ砂漠		4	4					3				
asy	將弗裂火山	ジャンフォレ火山		6	6					3				
bko	地底迷宮地下深淵	地底迷宮 グランドアビス								0				
ccg	零之領域	ゼロフィールド	100,120			x,0,0,0,0,0,0,0,0,a,a,a,a,a,a,a,0	1,1.25,1.5,1.5			0				
cch	時空的盡頭	時空の最果て	100,120			x,0,0,0,0,0,0,0,0,a,a,a,a,a,a,a,0	1,1.25,1.5,1.5			0				
cci	烏龜烏龜翹盆地	バリチッチ盆地	100,120			x,0,0,0,0,0,0,0,0,i,c,9,3,3,i,3,0	1,1.25,1.5,1.5			0				
ccj	烏魯魯布島滯留記	ウルルブ島滞在記	100,120			x,0,0,0,0,0,0,0,0,0,0,h,0,s,m,0,0	1,1.25,1.5,1.5			0				
cck	五告厲害新世界	新世界アリ＝エヘン	100,120			x,0,0,0,0,0,0,0,0,e,e,7,0,e,e,2,0	1,1.25,1.5,1.5			0				
ccl	我們是海洋貓咪	われら海の猫	100,120			x,0,0,0,0,0,0,0,0,8,g,5,5,d,g,3,0	1,1.25,1.5,1.5			0				
ccm	產生分歧的世界	対極にある真実	100,120			x,0,0,0,0,0,0,0,0,9,9,9,0,i,d,9,0	1,1.25,1.5,1.5			0				
ccn	公合海灣的魔物	デシリットル湾の魔物	100,120			x,0,0,0,0,0,0,0,0,5,h,c,0,h,7,7,0	1,1.25,1.5,1.5			0				
cco	枯萎的沉思庭院	枯れた思考の庭	100,120			x,0,0,0,0,0,0,0,0,k,6,3,6,6,c,f,0	1,1.25,1.5,1.5			0				
ccp	異界之路的另一頭	異空行路の先に				x,0,0,0,0,0,0,0,0,0,4,0,0,g,17,4,0	1,1.25,1.5,1.5			0				
ccq	奇妙夕谷	イトコンバレー				x,0,0,0,0,0,0,0,0,0,3,i,i,f,0,c,0	1,1.25,1.5,1.5			0				
ccr	點心桃花源	カルメ桃源郷				x,0,0,0,0,0,0,0,0,h,3,7,0,0,7,y,0	1,1.25,1.5,1.5			0				
ccs	隱秘的摩爾摩島	隠されしモルモ島				x,0,0,0,0,0,0,0,0,f,6,9,0,c,i,6,0	1,1.25,1.5,1.5			0				
cct	超廉價度假勝地	行楽地デラ・コスパ				x,0,0,0,0,0,0,0,0,h,6,9,c,c,6,6,0	1,1.25,1.5,1.5			0				
ccu	滾動式管制區	ゆらぎの禁制区域				x,0,0,0,0,0,0,0,0,i,0,9,0,4,9,r,0	1,1.25,1.5,1.5			0				
ccv	豪華郵輪鐵打泥號	豪華客船ハイパニック				x,0,0,0,0,0,0,0,0,3,9,3,0,l,f,f,0	1,1.25,1.5,1.5			0				
ccw	毫不設防大魔宮	アンガード大魔宮				x,0,0,0,0,0,0,0,0,a,k,h,7,7,7,0,0	1,1.25,1.5,1.5			0				
ccx	憶當年遊園森林	遊園森林ガングール				x,0,0,0,0,0,0,0,0,6,9,h,0,9,c,f,0	1,1.25,1.5,1.5			0				
ccy	海溝新市鎮	ニュータウン海淵				x,0,0,0,0,0,0,0,0,8,e,6,6,6,k,8,0	1,1.25,1.5,1.5			0				
ccz	引誘萬物真理的大渦	万物誘う真理の大渦				x,0,0,0,0,0,0,0,0,9,9,c,0,c,f,9,0	1,1.25,1.5,1.5			0				
cd0	嶄新旅途的啟程	新たな時を刻む旅路				x,0,0,0,0,0,0,0,0,f,f,c,7,0,h,0,0	1,1.25,1.5,1.5			0				
cd1	甜味自然公園	甘味自然公園				x,0,0,0,0,0,0,0,0,5,3,5,8,r,8,b,0	1,1.25,1.5,1.5			0				
cd2	顛倒聖墓	リバース聖墓				x,0,0,0,0,0,0,0,0,g,7,5,0,7,n,9,0	1,1.25,1.5,1.5			0				
cd3	睡眠的深淵	眠りの深淵				x,0,0,0,0,0,0,0,0,7,a,k,0,7,f,7,0	1,1.25,1.5,1.5			0				
cd4	失憶共和國	忘却共和国				x,0,0,0,0,0,0,0,0,c,6,c,0,g,c,a,0	1,1.25,1.5,1.5			0				
cd5	書籍列島	ブック列島				x,0,0,0,0,0,0,0,0,4,a,d,6,8,a,f,0	1,1.25,1.5,1.5			0				
cd6	虛榮無限公司	虚栄カンパニー				x,0,0,0,0,0,0,0,0,f,c,9,6,3,c,9,0	1,1.25,1.5,1.5			0				
cd7	驚奇幻想鄉	マジカ幻想郷				x,0,0,0,0,0,0,0,0,8,4,f,2,f,a,d,0	1,1.25,1.5,1.5			0				
cd8	肌肉帝國	マッスルエンパイア				x,0,0,0,0,0,0,0,0,e,c,e,0,7,c,7,0	1,1.25,1.5,1.5			0				
cd9	美術工房藝術坊	美術工房アートリエ				x,0,0,0,0,0,0,0,0,j,7,c,0,7,9,c,0	1,1.25,1.5,1.5			0				
cda	繼承伴隨變異的樂園	変異を伴う継承の楽園				x,0,0,0,0,0,0,0,0,b,2,4,4,9,d,m,0	1,1.25,1.5,1.5			0				
cdb	新天際線	ニューホライズン				x,0,0,0,0,0,0,0,0,7,9,e,7,0,g,e,0	1,1.25,1.5,1.5			0				
d48	異次元競技場	異次元コロシアム	100,120	2f6w	2f6w					0	【零用錢制度】：一開始就可以獲得大量金錢（50,000元），但相反地，隨著時間經過或打倒敵人時都無法增加金錢	無效聯組：初期工作狂貓等級、初期所持金額、工作狂貓的工作效率、工作狂貓錢包、會計能力		
d49	異次元競技場	異次元コロシアム	100,120	2f6w	2f6w					0	【生產速度一致】：所有我方角色都會固定成相同的生產速度（500F）	無效聯組：研究力		
d4a	異次元競技場	異次元コロシアム	100,120	2f6w	2f6w					0	【稀有度代表隊】：各稀有度皆只能同時出擊1隻，隊伍編成則沒有限制			
d4b	異次元競技場	異次元コロシアム	100,120	2f6w	2f6w					0	【均一價五百】：所有我方角色的生產成本都變成500元			
d4c	異次元競技場	異次元コロシアム	100,120	2f6w	2f6w					0	【特賣活動　激稀有】：我方的激稀有角色的生產成本減半，生產速度變成2倍			
d4d	異次元競技場	異次元コロシアム	100,120	2f6w	2f6w					0	【生產角色數限制】：1次的戰鬥中最多只能生產60隻角色			
d4e	異次元競技場	異次元コロシアム	100,120	2f6w	2f6w					0	【生產速度一致】：所有我方角色都會固定成相同的生產速度（500F）	無效聯組：研究力		
d4f	異次元競技場	異次元コロシアム	100,120	2f6w	2f6w					0	【超特賣活動　EX】：我方的EX角色的生產成本打3折，生產速度變成1.7倍			
d4g	異次元競技場	異次元コロシアム	100,120	2f6w	2f6w					0	【好事成雙　超激稀有】：生產超激稀有角色時，出現的數量會變2隻			
d4h	異次元競技場	異次元コロシアム	100,120	2f6w	2f6w					0	【稀有度代表隊】：各稀有度皆只能同時出擊1隻，隊伍編成則沒有限制			
d4i	異次元競技場	異次元コロシアム	100,120	2f6w	2f6w					0	【貓咪砲超強化】：貓咪砲的攻擊力將大幅提升			
d4j	異次元競技場	異次元コロシアム	100,120	2f6w	2f6w					0	【等速直線運動】：可移動的敵我方所有角色，都會變成相同的移動速度	無效聯組：角色移動速度		
d4k	異次元競技場	異次元コロシアム	100,120	2f6w	2f6w					0	【好事成雙　EX】：生產EX角色時，出現的數量會變2隻			
d4l	異次元競技場	異次元コロシアム	100,120	2f6w	2f6w					0	【限定超特賣　超激稀有】：場上超激稀有角色有數量限制，生產成本1/2，生產速度2倍			
d4m	異次元競技場	異次元コロシアム	100,120	2f6w	2f6w					0	【只有現貨】：1次的戰鬥中最多只能生產50隻角色，所有我方角色都會變成相同的生產速度	無效聯組：研究力		
d4n	異次元競技場	異次元コロシアム	100,120	2f6w	2f6w					0	【發薪日】：一開始獲得大量金錢（266,730元），但持有金錢將不會隨著時間或擊敗敵人增加；超激稀有角色CD減少80%	無效聯組：初期工作狂貓等級、初期所持金額、工作狂貓的工作效率、工作狂貓錢包、會計能力		
d4o	異次元競技場	異次元コロシアム	100,120	2f6w	2f6w					0	【一律銅板價】：所有我方角色的生產成本都變成10元			
d4p	異次元競技場	異次元コロシアム	100,120	2f6w	2f6w					0	【乾坤一擲】：超激稀有角色的生產成本變成2倍，但生產數會變3隻			
d4q	異次元競技場	異次元コロシアム	100,120	2f6w	2f6w					0	【等速直線運動】：可移動的敵我方所有角色，都會變成相同的移動速度	無效聯組：角色移動速度		
d4r	異次元競技場	異次元コロシアム	100,120	2f6w	2f6w					0	【貓咪砲超強化】：貓咪砲的攻擊力將大幅提升			
d4s	異次元競技場	異次元コロシアム	100,120	2f6w	2f6w					0	【限定超特賣　超激稀有】：場上超激稀有角色有數量限制，生產成本1/2，生產速度2倍			
d4t	異次元競技場	異次元コロシアム	100,120	2f6w	2f6w					0	【高速世界】：所有我方角色的移動速度提升，生產成本降低且生產速度加快	無效聯組：角色移動速度		
d4u	異次元競技場	異次元コロシアム	100,120	2f6w	2f6w					0	【半價一對　激稀有】：激稀有角色的生產成本變5折，生產時出現的數量會變2隻			
d4v	異次元競技場	異次元コロシアム	100,120	2f6w	2f6w					0	【物價高漲 超激稀有】：一開始會獲得大量金錢（60,000元），但時間經過與擊敗敵人都不會增加金錢。此外，超激稀有角色的生產成本會變成2倍	無效聯組：初期工作狂貓等級、初期所持金額、工作狂貓的工作效率、工作狂貓錢包、會計能力		
dw0	貓咪道檢定 一段	にゃんこ道検定 初段								0				世界篇第一章
dw1	貓咪道檢定 二段	にゃんこ道検定 二段		2xpk	2xpk					0				世界篇第一章
dw2	貓咪道檢定 三段	にゃんこ道検定 三段		2xpl	2xpl					0				
dw3	貓咪道檢定 四段	にゃんこ道検定 四段		2xpm	2xpm					0				
dw4	貓咪道檢定 五段	にゃんこ道検定 五段		2xpn	2xpn					0				
dw5	貓咪道檢定 六段	にゃんこ道検定 六段		2xpo	2xpo					0				
dw6	貓咪道檢定 七段	にゃんこ道検定 七段		2xpp	2xpp					0				
dw7	貓咪道檢定 八段	にゃんこ道検定 八段		2xpq	2xpq					0				
dw8	貓咪道檢定 九段	にゃんこ道検定 九段		2xpr	781c					0				
dw9	貓咪道檢定 十段	にゃんこ道検定 十段		2xps	781d					0				
dwa	貓咪道檢定 十一段	にゃんこ道検定 十一段		2xpt	781e					0				
dwb	貓咪道檢定 十二段	にゃんこ道検定 十二段		2xpu	781f					0				
